hive_id,timestamp,temperature_c,humidity_pct,weight_kg
HIVE_001,2026-01-01T00:00:00,34.277,63.237,40.44
HIVE_001,2026-01-01T00:01:00,34.586,61.706,40.268
HIVE_001,2026-01-01T00:02:00,34.359,63.99,40.475
HIVE_001,2026-01-01T00:03:00,34.114,62.886,40.421
HIVE_001,2026-01-01T00:04:00,34.251,65.354,40.368
HIVE_001,2026-01-01T00:05:00,34.045,61.034,40.346
HIVE_001,2026-01-01T00:06:00,34.77,63.511,40.401
HIVE_001,2026-01-01T00:07:00,33.857,65.559,40.592
HIVE_001,2026-01-01T00:08:00,34.101,64.067,40.554
HIVE_001,2026-01-01T00:09:00,34.591,61.384,40.339
HIVE_001,2026-01-01T00:10:00,34.17,61.748,40.505
HIVE_001,2026-01-01T00:11:00,34.19,60.963,40.381
HIVE_001,2026-01-01T00:12:00,33.757,61.653,40.32
HIVE_001,2026-01-01T00:13:00,34.035,64.747,40.447
HIVE_001,2026-01-01T00:14:00,34.277,64.341,40.436
HIVE_001,2026-01-01T00:15:00,34.493,63.409,40.545
HIVE_001,2026-01-01T00:16:00,34.131,64.895,40.449
HIVE_001,2026-01-01T00:17:00,34.64,65.839,40.39
HIVE_001,2026-01-01T00:18:00,34.228,63.285,40.429
HIVE_001,2026-01-01T00:19:00,34.206,60.6,40.602
HIVE_001,2026-01-01T00:20:00,34.148,62.438,40.375
HIVE_001,2026-01-01T00:21:00,33.834,64.108,40.381
HIVE_001,2026-01-01T00:22:00,34.769,64.21,40.432
HIVE_001,2026-01-01T00:23:00,34.728,66.835,40.382
HIVE_001,2026-01-01T00:24:00,34.305,65.987,40.299
HIVE_001,2026-01-01T00:25:00,34.997,62.847,40.457
HIVE_001,2026-01-01T00:26:00,34.551,65.918,40.433
HIVE_001,2026-01-01T00:27:00,35.02,65.21,40.393
HIVE_001,2026-01-01T00:28:00,34.806,69.102,40.408
HIVE_001,2026-01-01T00:29:00,34.58,64.691,40.454
HIVE_001,2026-01-01T00:30:00,34.173,62.089,40.418
HIVE_001,2026-01-01T00:31:00,34.679,60.314,40.625
HIVE_001,2026-01-01T00:32:00,33.718,63.259,40.452
HIVE_001,2026-01-01T00:33:00,34.607,63.561,40.326
HIVE_001,2026-01-01T00:34:00,34.392,63.692,40.421
HIVE_001,2026-01-01T00:35:00,34.541,62.437,40.481
HIVE_001,2026-01-01T00:36:00,35.37,63.057,40.438
HIVE_001,2026-01-01T00:37:00,35.108,65.35,40.606
HIVE_001,2026-01-01T00:38:00,34.91,62.975,40.376
HIVE_001,2026-01-01T00:39:00,34.351,65.327,40.558
HIVE_001,2026-01-01T00:40:00,34.139,63.205,40.445
HIVE_001,2026-01-01T00:41:00,34.735,63.681,40.462
HIVE_001,2026-01-01T00:42:00,35.394,62.456,40.482
HIVE_001,2026-01-01T00:43:00,34.492,66.626,40.506
HIVE_001,2026-01-01T00:44:00,34.901,63.508,40.418
HIVE_001,2026-01-01T00:45:00,34.779,63.848,40.312
HIVE_001,2026-01-01T00:46:00,35.049,64.868,40.389
HIVE_001,2026-01-01T00:47:00,34.695,64.69,40.388
HIVE_001,2026-01-01T00:48:00,34.888,65.365,40.442
HIVE_001,2026-01-01T00:49:00,34.556,61.653,40.69
HIVE_001,2026-01-01T00:50:00,34.571,62.154,40.408
HIVE_001,2026-01-01T00:51:00,34.775,63.62,40.52
HIVE_001,2026-01-01T00:52:00,34.582,62.78,40.454
HIVE_001,2026-01-01T00:53:00,34.931,62.561,40.405
HIVE_001,2026-01-01T00:54:00,35.374,61.574,40.501
HIVE_001,2026-01-01T00:55:00,34.911,62.672,40.399
HIVE_001,2026-01-01T00:56:00,35.352,65.713,40.365
HIVE_001,2026-01-01T00:57:00,34.628,63.642,40.305
HIVE_001,2026-01-01T00:58:00,34.855,63.619,40.37
HIVE_001,2026-01-01T00:59:00,34.949,60.548,40.473
HIVE_001,2026-01-01T01:00:00,34.325,59.023,40.512
HIVE_001,2026-01-01T01:01:00,34.994,61.192,40.58
HIVE_001,2026-01-01T01:02:00,34.786,63.68,40.365
HIVE_001,2026-01-01T01:03:00,34.895,62.428,40.504
HIVE_001,2026-01-01T01:04:00,35.109,61.801,40.509
HIVE_001,2026-01-01T01:05:00,34.429,67.896,40.538
HIVE_001,2026-01-01T01:06:00,35.235,59.003,40.582
HIVE_001,2026-01-01T01:07:00,34.45,63.179,40.522
HIVE_001,2026-01-01T01:08:00,34.825,63.706,40.514
HIVE_001,2026-01-01T01:09:00,34.86,63.313,40.435
HIVE_001,2026-01-01T01:10:00,34.809,60.438,40.262
HIVE_001,2026-01-01T01:11:00,35.126,63.874,40.436
HIVE_001,2026-01-01T01:12:00,34.667,61.02,40.378
HIVE_001,2026-01-01T01:13:00,35.578,60.132,40.39
HIVE_001,2026-01-01T01:14:00,34.683,61.172,40.355
HIVE_001,2026-01-01T01:15:00,34.464,62.119,40.399
HIVE_001,2026-01-01T01:16:00,34.799,61.344,40.478
HIVE_001,2026-01-01T01:17:00,35.08,60.898,40.382
HIVE_001,2026-01-01T01:18:00,35.17,63.453,40.436
HIVE_001,2026-01-01T01:19:00,35.089,60.051,40.376
HIVE_001,2026-01-01T01:20:00,34.236,60.177,40.482
HIVE_001,2026-01-01T01:21:00,34.495,60.756,40.373
HIVE_001,2026-01-01T01:22:00,34.159,62.248,40.409
HIVE_001,2026-01-01T01:23:00,34.847,60.786,40.398
HIVE_001,2026-01-01T01:24:00,33.324,62.071,40.46
HIVE_001,2026-01-01T01:25:00,34.52,60.834,40.489
HIVE_001,2026-01-01T01:26:00,35.165,59.195,40.482
HIVE_001,2026-01-01T01:27:00,34.257,61.902,40.552
HIVE_001,2026-01-01T01:28:00,34.331,58.259,40.541
HIVE_001,2026-01-01T01:29:00,34.41,62.884,40.431
HIVE_001,2026-01-01T01:30:00,34.274,62.118,40.462
HIVE_001,2026-01-01T01:31:00,34.342,60.431,40.447
HIVE_001,2026-01-01T01:32:00,34.129,59.39,40.32
HIVE_001,2026-01-01T01:33:00,34.032,60.279,40.528
HIVE_001,2026-01-01T01:34:00,34.317,61.282,40.547
HIVE_001,2026-01-01T01:35:00,33.952,60.753,40.464
HIVE_001,2026-01-01T01:36:00,34.306,59.443,40.432
HIVE_001,2026-01-01T01:37:00,33.795,59.016,40.547
HIVE_001,2026-01-01T01:38:00,33.918,58.578,40.446
HIVE_001,2026-01-01T01:39:00,34.255,61.375,40.297
HIVE_001,2026-01-01T01:40:00,33.588,58.043,40.373
HIVE_001,2026-01-01T01:41:00,34.104,59.624,40.461
HIVE_001,2026-01-01T01:42:00,34.683,57.022,40.52
HIVE_001,2026-01-01T01:43:00,33.583,58.771,40.468
HIVE_001,2026-01-01T01:44:00,34.622,59.941,40.47
HIVE_001,2026-01-01T01:45:00,33.875,57.618,40.376
HIVE_001,2026-01-01T01:46:00,34.723,56.85,40.551
HIVE_001,2026-01-01T01:47:00,33.972,58.257,40.394
HIVE_001,2026-01-01T01:48:00,34.018,56.546,40.536
HIVE_001,2026-01-01T01:49:00,33.756,59.568,40.294
HIVE_001,2026-01-01T01:50:00,33.934,60.275,40.529
HIVE_001,2026-01-01T01:51:00,34.422,58.201,40.358
HIVE_001,2026-01-01T01:52:00,34.111,55.888,40.353
HIVE_001,2026-01-01T01:53:00,34.517,57.337,40.418
HIVE_001,2026-01-01T01:54:00,34.017,58.426,40.537
HIVE_001,2026-01-01T01:55:00,33.197,56.663,40.512
HIVE_001,2026-01-01T01:56:00,33.066,59.427,40.214
HIVE_001,2026-01-01T01:57:00,33.653,59.797,40.538
HIVE_001,2026-01-01T01:58:00,34.207,60.164,40.393
HIVE_001,2026-01-01T01:59:00,33.962,54.363,40.448
HIVE_001,2026-01-01T02:00:00,33.587,58.353,40.317
HIVE_001,2026-01-01T02:01:00,33.727,55.331,40.367
HIVE_001,2026-01-01T02:02:00,33.725,56.152,40.483
HIVE_001,2026-01-01T02:03:00,33.513,55.65,40.264
HIVE_001,2026-01-01T02:04:00,33.528,54.754,40.5
HIVE_001,2026-01-01T02:05:00,33.887,55.267,40.453
HIVE_001,2026-01-01T02:06:00,33.968,53.83,40.371
HIVE_001,2026-01-01T02:07:00,33.912,54.395,40.436
HIVE_001,2026-01-01T02:08:00,33.554,56.313,40.224
HIVE_001,2026-01-01T02:09:00,33.984,54.025,40.236
HIVE_001,2026-01-01T02:10:00,33.345,54.502,40.388
HIVE_001,2026-01-01T02:11:00,33.544,54.872,40.473
HIVE_001,2026-01-01T02:12:00,33.081,54.078,40.305
HIVE_001,2026-01-01T02:13:00,33.593,55.411,40.478
HIVE_001,2026-01-01T02:14:00,34.0,53.367,40.405
HIVE_001,2026-01-01T02:15:00,33.604,52.707,40.378
HIVE_001,2026-01-01T02:16:00,33.128,57.103,40.39
HIVE_001,2026-01-01T02:17:00,32.918,54.779,40.441
HIVE_001,2026-01-01T02:18:00,33.685,54.693,40.235
HIVE_001,2026-01-01T02:19:00,33.516,55.817,40.425
HIVE_001,2026-01-01T02:20:00,33.237,53.611,40.357
HIVE_001,2026-01-01T02:21:00,32.994,54.317,40.505
HIVE_001,2026-01-01T02:22:00,33.949,54.229,40.393
HIVE_001,2026-01-01T02:23:00,33.187,53.219,40.411
HIVE_001,2026-01-01T02:24:00,33.747,53.488,40.446
HIVE_001,2026-01-01T02:25:00,33.409,54.833,40.316
HIVE_001,2026-01-01T02:26:00,33.479,51.676,40.496
HIVE_001,2026-01-01T02:27:00,33.267,56.709,40.337
HIVE_001,2026-01-01T02:28:00,32.868,52.065,40.238
HIVE_001,2026-01-01T02:29:00,33.262,50.483,40.339
HIVE_001,2026-01-01T02:30:00,33.256,51.759,40.386
HIVE_001,2026-01-01T02:31:00,33.526,51.724,40.286
HIVE_001,2026-01-01T02:32:00,32.767,53.025,40.385
HIVE_001,2026-01-01T02:33:00,33.385,52.966,40.453
HIVE_001,2026-01-01T02:34:00,33.054,54.854,40.428
HIVE_001,2026-01-01T02:35:00,33.426,52.28,40.274
HIVE_001,2026-01-01T02:36:00,33.555,53.625,40.312
HIVE_001,2026-01-01T02:37:00,33.124,53.376,40.473
HIVE_001,2026-01-01T02:38:00,33.599,51.774,40.34
HIVE_001,2026-01-01T02:39:00,32.562,52.974,40.315
HIVE_001,2026-01-01T02:40:00,33.534,52.822,40.397
HIVE_001,2026-01-01T02:41:00,32.519,54.21,40.37
HIVE_001,2026-01-01T02:42:00,33.196,50.772,40.35
HIVE_001,2026-01-01T02:43:00,33.052,52.91,40.48
HIVE_001,2026-01-01T02:44:00,33.512,52.798,40.361
HIVE_001,2026-01-01T02:45:00,32.878,53.36,40.474
HIVE_001,2026-01-01T02:46:00,33.54,53.96,40.477
HIVE_001,2026-01-01T02:47:00,33.26,52.088,40.391
HIVE_001,2026-01-01T02:48:00,33.085,51.736,40.374
HIVE_001,2026-01-01T02:49:00,33.232,51.578,40.438
HIVE_001,2026-01-01T02:50:00,32.933,54.539,40.304
HIVE_001,2026-01-01T02:51:00,33.614,52.818,40.349
HIVE_001,2026-01-01T02:52:00,33.277,52.367,40.068
HIVE_001,2026-01-01T02:53:00,32.851,50.913,40.497
HIVE_001,2026-01-01T02:54:00,33.326,50.024,40.41
HIVE_001,2026-01-01T02:55:00,32.378,52.23,40.421
HIVE_001,2026-01-01T02:56:00,33.344,52.748,40.356
HIVE_001,2026-01-01T02:57:00,32.853,52.554,40.529
HIVE_001,2026-01-01T02:58:00,33.278,51.166,40.304
HIVE_001,2026-01-01T02:59:00,32.901,54.139,40.506
HIVE_001,2026-01-01T03:00:00,33.436,51.88,40.478
HIVE_001,2026-01-01T03:01:00,33.331,50.36,40.23
HIVE_001,2026-01-01T03:02:00,32.852,53.453,40.521
HIVE_001,2026-01-01T03:03:00,33.551,51.523,40.386
HIVE_001,2026-01-01T03:04:00,33.412,49.109,40.381
HIVE_001,2026-01-01T03:05:00,33.223,54.608,40.401
HIVE_001,2026-01-01T03:06:00,33.128,53.3,40.351
HIVE_001,2026-01-01T03:07:00,33.656,50.419,40.548
HIVE_001,2026-01-01T03:08:00,33.44,51.37,40.528
HIVE_001,2026-01-01T03:09:00,33.26,53.13,40.308
HIVE_001,2026-01-01T03:10:00,32.873,52.985,40.482
HIVE_001,2026-01-01T03:11:00,33.352,52.701,40.328
HIVE_001,2026-01-01T03:12:00,33.055,52.215,40.414
HIVE_001,2026-01-01T03:13:00,33.169,53.752,40.302
HIVE_001,2026-01-01T03:14:00,34.079,53.689,40.427
HIVE_001,2026-01-01T03:15:00,33.868,50.979,40.375
HIVE_001,2026-01-01T03:16:00,34.167,52.654,40.449
HIVE_001,2026-01-01T03:17:00,33.733,52.56,40.357
HIVE_001,2026-01-01T03:18:00,33.929,50.59,40.426
HIVE_001,2026-01-01T03:19:00,33.599,52.815,40.418
HIVE_001,2026-01-01T03:20:00,33.493,50.54,40.436
HIVE_001,2026-01-01T03:21:00,33.053,51.221,40.357
HIVE_001,2026-01-01T03:22:00,33.649,51.68,40.453
HIVE_001,2026-01-01T03:23:00,34.157,51.674,40.531
HIVE_001,2026-01-01T03:24:00,33.224,52.709,40.315
HIVE_001,2026-01-01T03:25:00,33.931,51.309,40.543
HIVE_001,2026-01-01T03:26:00,33.655,53.623,40.473
HIVE_001,2026-01-01T03:27:00,33.869,53.899,40.503
HIVE_001,2026-01-01T03:28:00,33.75,51.634,40.456
HIVE_001,2026-01-01T03:29:00,34.148,51.99,40.221
HIVE_001,2026-01-01T03:30:00,33.494,52.511,40.48
HIVE_001,2026-01-01T03:31:00,33.934,52.89,40.489
HIVE_001,2026-01-01T03:32:00,34.252,52.981,40.407
HIVE_001,2026-01-01T03:33:00,34.779,50.687,40.399
HIVE_001,2026-01-01T03:34:00,34.36,55.094,40.279
HIVE_001,2026-01-01T03:35:00,33.929,51.497,40.401
HIVE_001,2026-01-01T03:36:00,33.703,53.424,40.623
HIVE_001,2026-01-01T03:37:00,34.198,50.383,40.463
HIVE_001,2026-01-01T03:38:00,33.845,53.559,40.425
HIVE_001,2026-01-01T03:39:00,33.895,54.43,40.527
HIVE_001,2026-01-01T03:40:00,33.631,57.884,40.544
HIVE_001,2026-01-01T03:41:00,34.428,51.358,40.357
HIVE_001,2026-01-01T03:42:00,34.112,55.322,40.363
HIVE_001,2026-01-01T03:43:00,34.186,56.507,40.259
HIVE_001,2026-01-01T03:44:00,33.927,55.647,40.345
HIVE_001,2026-01-01T03:45:00,33.751,54.736,40.429
HIVE_001,2026-01-01T03:46:00,34.263,55.991,40.474
HIVE_001,2026-01-01T03:47:00,34.341,54.038,40.45
HIVE_001,2026-01-01T03:48:00,33.736,54.645,40.432
HIVE_001,2026-01-01T03:49:00,34.451,53.496,40.327
HIVE_001,2026-01-01T03:50:00,33.716,54.864,40.573
HIVE_001,2026-01-01T03:51:00,33.966,52.746,40.365
HIVE_001,2026-01-01T03:52:00,34.608,53.763,40.337
HIVE_001,2026-01-01T03:53:00,34.153,56.854,40.367
HIVE_001,2026-01-01T03:54:00,34.503,54.988,40.401
HIVE_001,2026-01-01T03:55:00,34.878,53.573,40.42
HIVE_001,2026-01-01T03:56:00,34.735,56.41,40.389
HIVE_001,2026-01-01T03:57:00,33.58,53.148,40.448
HIVE_001,2026-01-01T03:58:00,34.483,55.209,40.384
HIVE_001,2026-01-01T03:59:00,34.543,55.105,40.483
HIVE_001,2026-01-01T04:00:00,35.081,54.536,40.273
HIVE_001,2026-01-01T04:01:00,34.062,57.56,40.447
HIVE_001,2026-01-01T04:02:00,34.46,55.854,40.451
HIVE_001,2026-01-01T04:03:00,34.096,53.599,40.302
HIVE_001,2026-01-01T04:04:00,34.702,57.455,40.385
HIVE_001,2026-01-01T04:05:00,34.221,56.922,40.487
HIVE_001,2026-01-01T04:06:00,34.282,57.803,40.491
HIVE_001,2026-01-01T04:07:00,34.315,55.552,40.384
HIVE_001,2026-01-01T04:08:00,35.179,55.166,40.362
HIVE_001,2026-01-01T04:09:00,34.472,55.686,40.51
HIVE_001,2026-01-01T04:10:00,34.956,56.039,40.208
HIVE_001,2026-01-01T04:11:00,34.525,55.411,40.361
HIVE_001,2026-01-01T04:12:00,34.442,57.057,40.357
HIVE_001,2026-01-01T04:13:00,35.098,54.885,40.348
HIVE_001,2026-01-01T04:14:00,34.789,58.603,40.52
HIVE_001,2026-01-01T04:15:00,34.509,56.663,40.404
HIVE_001,2026-01-01T04:16:00,35.159,56.68,40.445
HIVE_001,2026-01-01T04:17:00,34.903,55.338,40.409
HIVE_001,2026-01-01T04:18:00,35.618,59.848,40.516
HIVE_001,2026-01-01T04:19:00,34.516,59.478,40.541
HIVE_001,2026-01-01T04:20:00,34.173,57.526,40.375
HIVE_001,2026-01-01T04:21:00,34.722,59.754,40.245
HIVE_001,2026-01-01T04:22:00,34.764,59.638,40.303
HIVE_001,2026-01-01T04:23:00,35.282,54.78,40.428
HIVE_001,2026-01-01T04:24:00,34.946,57.071,40.456
HIVE_001,2026-01-01T04:25:00,34.417,59.737,40.397
HIVE_001,2026-01-01T04:26:00,34.897,57.116,40.402
HIVE_001,2026-01-01T04:27:00,35.224,60.08,40.433
HIVE_001,2026-01-01T04:28:00,35.044,59.96,40.375
HIVE_001,2026-01-01T04:29:00,35.155,56.988,40.408
HIVE_001,2026-01-01T04:30:00,34.694,59.572,40.397
HIVE_001,2026-01-01T04:31:00,34.364,59.086,40.567
HIVE_001,2026-01-01T04:32:00,35.354,59.608,40.388
HIVE_001,2026-01-01T04:33:00,34.185,57.384,40.505
HIVE_001,2026-01-01T04:34:00,35.223,55.365,40.405
HIVE_001,2026-01-01T04:35:00,34.803,57.287,40.424
HIVE_001,2026-01-01T04:36:00,35.286,57.177,40.334
HIVE_001,2026-01-01T04:37:00,34.955,57.21,40.458
HIVE_001,2026-01-01T04:38:00,34.366,60.812,40.474
HIVE_001,2026-01-01T04:39:00,35.12,61.093,40.408
HIVE_001,2026-01-01T04:40:00,34.613,57.836,40.514
HIVE_001,2026-01-01T04:41:00,34.238,60.913,40.36
HIVE_001,2026-01-01T04:42:00,34.557,62.278,40.429
HIVE_001,2026-01-01T04:43:00,34.07,60.758,40.425
HIVE_001,2026-01-01T04:44:00,34.238,57.839,40.55
HIVE_001,2026-01-01T04:45:00,34.757,59.804,40.431
HIVE_001,2026-01-01T04:46:00,34.286,58.27,40.3
HIVE_001,2026-01-01T04:47:00,34.939,61.025,40.4
HIVE_001,2026-01-01T04:48:00,34.828,59.556,40.381
HIVE_001,2026-01-01T04:49:00,34.875,58.959,40.392
HIVE_001,2026-01-01T04:50:00,34.783,60.082,40.553
HIVE_001,2026-01-01T04:51:00,35.054,60.255,40.37
HIVE_001,2026-01-01T04:52:00,34.872,60.737,40.35
HIVE_001,2026-01-01T04:53:00,34.76,61.265,40.419
HIVE_001,2026-01-01T04:54:00,34.937,58.333,40.387
HIVE_001,2026-01-01T04:55:00,34.487,60.181,40.433
HIVE_001,2026-01-01T04:56:00,34.233,60.448,40.351
HIVE_001,2026-01-01T04:57:00,34.767,62.227,40.361
HIVE_001,2026-01-01T04:58:00,34.331,62.9,40.412
HIVE_001,2026-01-01T04:59:00,35.072,57.656,40.289
HIVE_002,2026-01-01T00:00:00,34.508,63.152,39.37
HIVE_002,2026-01-01T00:01:00,34.47,62.432,39.265
HIVE_002,2026-01-01T00:02:00,34.501,63.973,39.214
HIVE_002,2026-01-01T00:03:00,34.084,62.691,39.528
HIVE_002,2026-01-01T00:04:00,33.836,62.368,39.317
HIVE_002,2026-01-01T00:05:00,33.745,62.129,39.276
HIVE_002,2026-01-01T00:06:00,33.776,60.708,39.272
HIVE_002,2026-01-01T00:07:00,33.613,62.272,39.338
HIVE_002,2026-01-01T00:08:00,33.752,63.706,39.39
HIVE_002,2026-01-01T00:09:00,34.052,62.225,39.522
HIVE_002,2026-01-01T00:10:00,34.309,63.564,39.189
HIVE_002,2026-01-01T00:11:00,34.019,59.523,39.362
HIVE_002,2026-01-01T00:12:00,34.4,61.694,39.439
HIVE_002,2026-01-01T00:13:00,33.932,63.494,39.274
HIVE_002,2026-01-01T00:14:00,34.22,63.183,39.442
HIVE_002,2026-01-01T00:15:00,34.288,65.384,39.367
HIVE_002,2026-01-01T00:16:00,34.195,58.254,39.542
HIVE_002,2026-01-01T00:17:00,34.244,60.547,39.507
HIVE_002,2026-01-01T00:18:00,34.826,62.389,39.288
HIVE_002,2026-01-01T00:19:00,34.56,61.208,39.31
HIVE_002,2026-01-01T00:20:00,34.798,58.854,39.45
HIVE_002,2026-01-01T00:21:00,34.612,65.04,39.431
HIVE_002,2026-01-01T00:22:00,33.75,60.618,39.411
HIVE_002,2026-01-01T00:23:00,34.613,63.251,39.25
HIVE_002,2026-01-01T00:24:00,34.391,63.141,39.531
HIVE_002,2026-01-01T00:25:00,35.175,61.006,39.496
HIVE_002,2026-01-01T00:26:00,35.14,63.291,39.466
HIVE_002,2026-01-01T00:27:00,34.847,60.211,39.293
HIVE_002,2026-01-01T00:28:00,34.918,60.776,39.408
HIVE_002,2026-01-01T00:29:00,34.387,60.606,39.429
HIVE_002,2026-01-01T00:30:00,34.247,61.196,39.431
HIVE_002,2026-01-01T00:31:00,34.592,59.874,39.474
HIVE_002,2026-01-01T00:32:00,35.289,59.983,39.511
HIVE_002,2026-01-01T00:33:00,34.959,56.799,39.352
HIVE_002,2026-01-01T00:34:00,34.438,61.845,39.428
HIVE_002,2026-01-01T00:35:00,34.839,61.519,39.341
HIVE_002,2026-01-01T00:36:00,34.424,58.621,39.4
HIVE_002,2026-01-01T00:37:00,34.655,60.602,39.356
HIVE_002,2026-01-01T00:38:00,35.025,61.61,39.538
HIVE_002,2026-01-01T00:39:00,34.967,60.401,39.468
HIVE_002,2026-01-01T00:40:00,34.941,59.032,39.518
HIVE_002,2026-01-01T00:41:00,35.339,62.862,39.418
HIVE_002,2026-01-01T00:42:00,34.859,60.407,39.415
HIVE_002,2026-01-01T00:43:00,34.97,59.486,39.4
HIVE_002,2026-01-01T00:44:00,35.377,59.799,39.421
HIVE_002,2026-01-01T00:45:00,35.076,59.661,39.439
HIVE_002,2026-01-01T00:46:00,34.752,57.488,39.413
HIVE_002,2026-01-01T00:47:00,34.381,59.517,39.321
HIVE_002,2026-01-01T00:48:00,35.105,60.207,39.438
HIVE_002,2026-01-01T00:49:00,34.753,59.59,39.258
HIVE_002,2026-01-01T00:50:00,34.408,58.624,39.443
HIVE_002,2026-01-01T00:51:00,34.767,57.221,39.426
HIVE_002,2026-01-01T00:52:00,34.638,57.006,39.442
HIVE_002,2026-01-01T00:53:00,34.725,60.284,39.468
HIVE_002,2026-01-01T00:54:00,35.057,58.852,39.347
HIVE_002,2026-01-01T00:55:00,34.473,56.043,39.645
HIVE_002,2026-01-01T00:56:00,34.422,57.815,39.386
HIVE_002,2026-01-01T00:57:00,34.7,57.133,39.265
HIVE_002,2026-01-01T00:58:00,34.448,55.804,39.404
HIVE_002,2026-01-01T00:59:00,34.555,56.739,39.431
HIVE_002,2026-01-01T01:00:00,34.588,59.048,39.382
HIVE_002,2026-01-01T01:01:00,34.867,55.542,39.465
HIVE_002,2026-01-01T01:02:00,34.642,58.024,39.438
HIVE_002,2026-01-01T01:03:00,34.718,57.617,39.381
HIVE_002,2026-01-01T01:04:00,35.245,58.574,39.45
HIVE_002,2026-01-01T01:05:00,34.354,55.405,39.357
HIVE_002,2026-01-01T01:06:00,34.675,57.607,39.338
HIVE_002,2026-01-01T01:07:00,35.165,56.823,39.248
HIVE_002,2026-01-01T01:08:00,34.579,52.822,39.349
HIVE_002,2026-01-01T01:09:00,34.544,55.667,39.382
HIVE_002,2026-01-01T01:10:00,34.59,55.576,39.528
HIVE_002,2026-01-01T01:11:00,35.143,54.638,39.507
HIVE_002,2026-01-01T01:12:00,34.14,55.014,39.528
HIVE_002,2026-01-01T01:13:00,33.912,56.984,39.305
HIVE_002,2026-01-01T01:14:00,34.634,55.738,39.54
HIVE_002,2026-01-01T01:15:00,34.389,55.792,39.454
HIVE_002,2026-01-01T01:16:00,34.572,54.55,39.398
HIVE_002,2026-01-01T01:17:00,34.68,56.998,39.327
HIVE_002,2026-01-01T01:18:00,34.476,56.047,39.388
HIVE_002,2026-01-01T01:19:00,34.554,55.428,39.345
HIVE_002,2026-01-01T01:20:00,34.324,56.006,39.312
HIVE_002,2026-01-01T01:21:00,34.997,55.564,39.296
HIVE_002,2026-01-01T01:22:00,34.672,55.383,39.459
HIVE_002,2026-01-01T01:23:00,34.963,54.477,39.34
HIVE_002,2026-01-01T01:24:00,34.328,53.452,39.336
HIVE_002,2026-01-01T01:25:00,34.623,54.844,39.355
HIVE_002,2026-01-01T01:26:00,34.247,55.242,39.354
HIVE_002,2026-01-01T01:27:00,34.124,54.393,39.372
HIVE_002,2026-01-01T01:28:00,34.095,55.762,39.46
HIVE_002,2026-01-01T01:29:00,34.465,54.621,39.433
HIVE_002,2026-01-01T01:30:00,34.421,55.666,39.522
HIVE_002,2026-01-01T01:31:00,34.441,54.895,39.459
HIVE_002,2026-01-01T01:32:00,34.274,52.45,39.46
HIVE_002,2026-01-01T01:33:00,33.824,56.734,39.457
HIVE_002,2026-01-01T01:34:00,34.418,54.038,39.526
HIVE_002,2026-01-01T01:35:00,34.0,52.133,39.337
HIVE_002,2026-01-01T01:36:00,34.219,52.277,39.396
HIVE_002,2026-01-01T01:37:00,34.337,52.482,39.511
HIVE_002,2026-01-01T01:38:00,33.781,51.705,39.412
HIVE_002,2026-01-01T01:39:00,34.174,54.165,39.331
HIVE_002,2026-01-01T01:40:00,33.863,52.491,39.325
HIVE_002,2026-01-01T01:41:00,34.386,52.662,39.44
HIVE_002,2026-01-01T01:42:00,34.386,54.867,39.45
HIVE_002,2026-01-01T01:43:00,34.432,54.387,39.336
HIVE_002,2026-01-01T01:44:00,34.044,50.415,39.399
HIVE_002,2026-01-01T01:45:00,33.877,53.693,39.417
HIVE_002,2026-01-01T01:46:00,33.617,51.502,39.346
HIVE_002,2026-01-01T01:47:00,33.886,53.207,39.281
HIVE_002,2026-01-01T01:48:00,34.061,50.36,39.2
HIVE_002,2026-01-01T01:49:00,34.273,50.872,39.327
HIVE_002,2026-01-01T01:50:00,33.503,50.657,39.339
HIVE_002,2026-01-01T01:51:00,33.833,54.187,39.406
HIVE_002,2026-01-01T01:52:00,33.862,53.794,39.458
HIVE_002,2026-01-01T01:53:00,34.074,51.994,39.45
HIVE_002,2026-01-01T01:54:00,34.527,53.543,39.509
HIVE_002,2026-01-01T01:55:00,34.209,53.776,39.279
HIVE_002,2026-01-01T01:56:00,33.473,52.382,39.232
HIVE_002,2026-01-01T01:57:00,33.633,53.712,39.312
HIVE_002,2026-01-01T01:58:00,34.004,50.342,39.325
HIVE_002,2026-01-01T01:59:00,34.154,52.641,39.387
HIVE_002,2026-01-01T02:00:00,34.37,54.236,39.293
HIVE_002,2026-01-01T02:01:00,34.213,51.332,39.361
HIVE_002,2026-01-01T02:02:00,33.735,53.831,39.271
HIVE_002,2026-01-01T02:03:00,33.867,52.976,39.426
HIVE_002,2026-01-01T02:04:00,33.614,53.666,39.304
HIVE_002,2026-01-01T02:05:00,34.068,52.663,39.248
HIVE_002,2026-01-01T02:06:00,33.789,52.38,39.331
HIVE_002,2026-01-01T02:07:00,33.368,51.729,39.244
HIVE_002,2026-01-01T02:08:00,34.197,50.377,39.306
HIVE_002,2026-01-01T02:09:00,33.987,52.93,39.416
HIVE_002,2026-01-01T02:10:00,34.097,51.57,39.274
HIVE_002,2026-01-01T02:11:00,33.843,53.22,39.331
HIVE_002,2026-01-01T02:12:00,33.086,53.874,39.403
HIVE_002,2026-01-01T02:13:00,33.03,53.178,39.242
HIVE_002,2026-01-01T02:14:00,33.324,50.318,39.306
HIVE_002,2026-01-01T02:15:00,33.184,51.08,39.414
HIVE_002,2026-01-01T02:16:00,33.561,52.943,39.444
HIVE_002,2026-01-01T02:17:00,33.311,52.122,39.399
HIVE_002,2026-01-01T02:18:00,34.023,53.355,39.466
HIVE_002,2026-01-01T02:19:00,33.766,53.6,39.213
HIVE_002,2026-01-01T02:20:00,33.703,52.342,39.36
HIVE_002,2026-01-01T02:21:00,33.195,51.397,39.389
HIVE_002,2026-01-01T02:22:00,33.66,49.802,39.373
HIVE_002,2026-01-01T02:23:00,33.156,50.639,39.387
HIVE_002,2026-01-01T02:24:00,33.224,51.096,39.294
HIVE_002,2026-01-01T02:25:00,33.425,52.09,39.269
HIVE_002,2026-01-01T02:26:00,33.02,51.855,39.388
HIVE_002,2026-01-01T02:27:00,32.935,52.887,39.29
HIVE_002,2026-01-01T02:28:00,34.247,50.771,39.293
HIVE_002,2026-01-01T02:29:00,33.349,50.86,39.423
HIVE_002,2026-01-01T02:30:00,33.902,51.665,39.371
HIVE_002,2026-01-01T02:31:00,33.081,52.282,39.472
HIVE_002,2026-01-01T02:32:00,33.567,50.963,39.481
HIVE_002,2026-01-01T02:33:00,33.653,53.088,39.305
HIVE_002,2026-01-01T02:34:00,33.262,51.208,39.396
HIVE_002,2026-01-01T02:35:00,33.121,49.093,39.433
HIVE_002,2026-01-01T02:36:00,33.293,54.109,39.348
HIVE_002,2026-01-01T02:37:00,33.286,54.213,39.391
HIVE_002,2026-01-01T02:38:00,33.316,57.413,39.347
HIVE_002,2026-01-01T02:39:00,33.271,55.245,39.296
HIVE_002,2026-01-01T02:40:00,32.844,50.551,39.404
HIVE_002,2026-01-01T02:41:00,33.424,53.869,39.254
HIVE_002,2026-01-01T02:42:00,33.555,54.612,39.355
HIVE_002,2026-01-01T02:43:00,33.213,53.891,39.393
HIVE_002,2026-01-01T02:44:00,33.425,51.312,39.35
HIVE_002,2026-01-01T02:45:00,32.776,53.953,39.407
HIVE_002,2026-01-01T02:46:00,33.166,53.519,39.241
HIVE_002,2026-01-01T02:47:00,33.502,52.442,39.376
HIVE_002,2026-01-01T02:48:00,33.593,52.08,39.463
HIVE_002,2026-01-01T02:49:00,33.249,53.33,39.412
HIVE_002,2026-01-01T02:50:00,32.772,54.255,39.373
HIVE_002,2026-01-01T02:51:00,33.575,53.115,39.34
HIVE_002,2026-01-01T02:52:00,33.346,53.43,39.276
HIVE_002,2026-01-01T02:53:00,33.153,55.502,39.363
HIVE_002,2026-01-01T02:54:00,32.922,54.756,39.223
HIVE_002,2026-01-01T02:55:00,32.491,53.761,39.387
HIVE_002,2026-01-01T02:56:00,33.317,52.513,39.362
HIVE_002,2026-01-01T02:57:00,32.758,54.27,39.245
HIVE_002,2026-01-01T02:58:00,33.203,54.422,39.235
HIVE_002,2026-01-01T02:59:00,33.081,55.302,39.5
HIVE_002,2026-01-01T03:00:00,32.747,54.722,39.278
HIVE_002,2026-01-01T03:01:00,32.812,56.7,39.432
HIVE_002,2026-01-01T03:02:00,33.012,54.73,39.431
HIVE_002,2026-01-01T03:03:00,33.368,57.869,39.429
HIVE_002,2026-01-01T03:04:00,32.268,54.161,39.322
HIVE_002,2026-01-01T03:05:00,33.256,54.716,39.33
HIVE_002,2026-01-01T03:06:00,32.961,56.842,39.431
HIVE_002,2026-01-01T03:07:00,33.119,55.918,39.438
HIVE_002,2026-01-01T03:08:00,33.811,53.419,39.448
HIVE_002,2026-01-01T03:09:00,33.169,56.839,39.371
HIVE_002,2026-01-01T03:10:00,32.601,55.265,39.244
HIVE_002,2026-01-01T03:11:00,33.336,55.232,39.356
HIVE_002,2026-01-01T03:12:00,32.907,53.753,39.322
HIVE_002,2026-01-01T03:13:00,33.357,57.469,39.447
HIVE_002,2026-01-01T03:14:00,33.295,57.557,39.282
HIVE_002,2026-01-01T03:15:00,33.717,55.494,39.411
HIVE_002,2026-01-01T03:16:00,33.718,54.849,39.457
HIVE_002,2026-01-01T03:17:00,33.51,59.599,39.37
HIVE_002,2026-01-01T03:18:00,33.975,57.065,39.301
HIVE_002,2026-01-01T03:19:00,34.026,54.618,39.217
HIVE_002,2026-01-01T03:20:00,33.868,57.927,39.401
HIVE_002,2026-01-01T03:21:00,33.497,58.815,39.455
HIVE_002,2026-01-01T03:22:00,33.379,57.653,39.299
HIVE_002,2026-01-01T03:23:00,33.433,55.095,39.224
HIVE_002,2026-01-01T03:24:00,33.237,58.623,39.313
HIVE_002,2026-01-01T03:25:00,33.477,55.166,39.471
HIVE_002,2026-01-01T03:26:00,33.691,57.761,39.394
HIVE_002,2026-01-01T03:27:00,33.302,55.683,39.47
HIVE_002,2026-01-01T03:28:00,33.713,58.424,39.151
HIVE_002,2026-01-01T03:29:00,34.143,56.641,39.578
HIVE_002,2026-01-01T03:30:00,33.598,57.544,39.458
HIVE_002,2026-01-01T03:31:00,33.492,58.93,39.355
HIVE_002,2026-01-01T03:32:00,34.272,58.931,39.447
HIVE_002,2026-01-01T03:33:00,33.59,57.545,39.432
HIVE_002,2026-01-01T03:34:00,33.154,57.153,39.483
HIVE_002,2026-01-01T03:35:00,33.444,60.019,39.359
HIVE_002,2026-01-01T03:36:00,34.024,56.499,39.448
HIVE_002,2026-01-01T03:37:00,34.095,60.045,39.518
HIVE_002,2026-01-01T03:38:00,34.395,58.774,39.313
HIVE_002,2026-01-01T03:39:00,34.442,56.624,39.376
HIVE_002,2026-01-01T03:40:00,34.26,59.365,39.539
HIVE_002,2026-01-01T03:41:00,34.023,56.283,39.39
HIVE_002,2026-01-01T03:42:00,34.109,58.411,39.526
HIVE_002,2026-01-01T03:43:00,33.984,56.902,39.45
HIVE_002,2026-01-01T03:44:00,33.692,61.723,39.435
HIVE_002,2026-01-01T03:45:00,33.625,60.91,39.603
HIVE_002,2026-01-01T03:46:00,33.437,60.762,39.453
HIVE_002,2026-01-01T03:47:00,34.222,60.039,39.454
HIVE_002,2026-01-01T03:48:00,33.941,61.756,39.307
HIVE_002,2026-01-01T03:49:00,34.891,62.046,39.32
HIVE_002,2026-01-01T03:50:00,34.226,61.999,39.376
HIVE_002,2026-01-01T03:51:00,34.192,59.379,39.509
HIVE_002,2026-01-01T03:52:00,34.058,60.081,39.459
HIVE_002,2026-01-01T03:53:00,34.22,58.908,39.308
HIVE_002,2026-01-01T03:54:00,33.782,58.549,39.278
HIVE_002,2026-01-01T03:55:00,34.08,60.879,39.42
HIVE_002,2026-01-01T03:56:00,34.066,59.011,39.336
HIVE_002,2026-01-01T03:57:00,33.889,58.793,39.473
HIVE_002,2026-01-01T03:58:00,33.904,60.78,39.366
HIVE_002,2026-01-01T03:59:00,35.265,58.164,39.431
HIVE_002,2026-01-01T04:00:00,34.318,59.808,39.441
HIVE_002,2026-01-01T04:01:00,34.508,59.465,39.449
HIVE_002,2026-01-01T04:02:00,34.608,63.135,39.366
HIVE_002,2026-01-01T04:03:00,35.005,60.977,39.257
HIVE_002,2026-01-01T04:04:00,34.691,61.25,39.344
HIVE_002,2026-01-01T04:05:00,34.852,60.763,39.496
HIVE_002,2026-01-01T04:06:00,34.514,62.693,39.468
HIVE_002,2026-01-01T04:07:00,34.725,60.116,39.487
HIVE_002,2026-01-01T04:08:00,34.583,64.761,39.451
HIVE_002,2026-01-01T04:09:00,34.854,60.703,39.38
HIVE_002,2026-01-01T04:10:00,34.64,60.186,39.319
HIVE_002,2026-01-01T04:11:00,34.583,61.915,39.428
HIVE_002,2026-01-01T04:12:00,35.026,61.519,39.466
HIVE_002,2026-01-01T04:13:00,34.598,61.915,39.431
HIVE_002,2026-01-01T04:14:00,33.938,62.39,39.359
HIVE_002,2026-01-01T04:15:00,34.349,59.543,39.374
HIVE_002,2026-01-01T04:16:00,34.029,63.76,39.39
HIVE_002,2026-01-01T04:17:00,34.109,61.524,39.469
HIVE_002,2026-01-01T04:18:00,34.5,62.19,39.378
HIVE_002,2026-01-01T04:19:00,34.674,60.138,39.403
HIVE_002,2026-01-01T04:20:00,34.533,67.193,39.389
HIVE_002,2026-01-01T04:21:00,34.578,64.317,39.393
HIVE_002,2026-01-01T04:22:00,34.835,61.593,39.529
HIVE_002,2026-01-01T04:23:00,34.535,63.535,39.495
HIVE_002,2026-01-01T04:24:00,34.655,63.038,39.45
HIVE_002,2026-01-01T04:25:00,35.007,61.467,39.417
HIVE_002,2026-01-01T04:26:00,34.443,62.047,39.35
HIVE_002,2026-01-01T04:27:00,35.205,65.62,39.609
HIVE_002,2026-01-01T04:28:00,34.765,62.021,39.322
HIVE_002,2026-01-01T04:29:00,35.351,61.031,39.374
HIVE_002,2026-01-01T04:30:00,34.594,66.017,39.317
HIVE_002,2026-01-01T04:31:00,35.181,65.414,39.384
HIVE_002,2026-01-01T04:32:00,34.96,61.185,39.389
HIVE_002,2026-01-01T04:33:00,34.724,59.671,39.428
HIVE_002,2026-01-01T04:34:00,34.924,61.045,39.281
HIVE_002,2026-01-01T04:35:00,34.538,62.834,39.369
HIVE_002,2026-01-01T04:36:00,34.464,62.157,39.417
HIVE_002,2026-01-01T04:37:00,34.632,63.546,39.373
HIVE_002,2026-01-01T04:38:00,34.957,63.511,39.459
HIVE_002,2026-01-01T04:39:00,34.831,65.11,39.489
HIVE_002,2026-01-01T04:40:00,34.28,65.191,39.531
HIVE_002,2026-01-01T04:41:00,34.447,63.789,39.359
HIVE_002,2026-01-01T04:42:00,34.938,64.643,39.333
HIVE_002,2026-01-01T04:43:00,35.238,62.602,39.374
HIVE_002,2026-01-01T04:44:00,35.131,66.84,39.343
HIVE_002,2026-01-01T04:45:00,35.041,64.259,39.257
HIVE_002,2026-01-01T04:46:00,34.426,62.139,39.342
HIVE_002,2026-01-01T04:47:00,34.607,64.003,39.484
HIVE_002,2026-01-01T04:48:00,34.892,67.953,39.361
HIVE_002,2026-01-01T04:49:00,35.012,64.605,39.5
HIVE_002,2026-01-01T04:50:00,34.594,65.259,39.509
HIVE_002,2026-01-01T04:51:00,34.464,63.884,39.418
HIVE_002,2026-01-01T04:52:00,34.554,62.687,39.523
HIVE_002,2026-01-01T04:53:00,34.615,66.601,39.335
HIVE_002,2026-01-01T04:54:00,34.611,65.194,39.358
HIVE_002,2026-01-01T04:55:00,34.357,62.914,39.396
HIVE_002,2026-01-01T04:56:00,34.426,64.119,39.192
HIVE_002,2026-01-01T04:57:00,34.45,63.707,39.331
HIVE_002,2026-01-01T04:58:00,34.284,62.641,39.377
HIVE_002,2026-01-01T04:59:00,35.138,61.855,39.348
HIVE_003,2026-01-01T00:00:00,33.524,60.082,38.768
HIVE_003,2026-01-01T00:01:00,34.378,60.623,38.662
HIVE_003,2026-01-01T00:02:00,34.369,57.948,38.81
HIVE_003,2026-01-01T00:03:00,33.783,57.498,38.668
HIVE_003,2026-01-01T00:04:00,34.391,58.073,38.555
HIVE_003,2026-01-01T00:05:00,33.507,59.908,38.718
HIVE_003,2026-01-01T00:06:00,33.589,57.603,38.827
HIVE_003,2026-01-01T00:07:00,33.859,59.417,38.812
HIVE_003,2026-01-01T00:08:00,34.535,60.898,38.746
HIVE_003,2026-01-01T00:09:00,34.197,54.248,38.672
HIVE_003,2026-01-01T00:10:00,35.002,56.843,38.675
HIVE_003,2026-01-01T00:11:00,34.214,56.88,38.652
HIVE_003,2026-01-01T00:12:00,34.554,57.28,38.769
HIVE_003,2026-01-01T00:13:00,34.26,53.751,38.677
HIVE_003,2026-01-01T00:14:00,34.545,55.815,38.685
HIVE_003,2026-01-01T00:15:00,34.493,57.922,38.747
HIVE_003,2026-01-01T00:16:00,34.343,57.897,38.661
HIVE_003,2026-01-01T00:17:00,33.757,54.519,38.618
HIVE_003,2026-01-01T00:18:00,34.705,59.336,38.794
HIVE_003,2026-01-01T00:19:00,34.018,55.947,38.672
HIVE_003,2026-01-01T00:20:00,34.324,55.629,38.721
HIVE_003,2026-01-01T00:21:00,34.691,56.365,38.739
HIVE_003,2026-01-01T00:22:00,34.524,58.737,38.743
HIVE_003,2026-01-01T00:23:00,34.404,56.083,38.666
HIVE_003,2026-01-01T00:24:00,34.201,54.113,38.716
HIVE_003,2026-01-01T00:25:00,34.591,55.361,38.756
HIVE_003,2026-01-01T00:26:00,33.798,55.733,38.66
HIVE_003,2026-01-01T00:27:00,34.268,58.144,38.801
HIVE_003,2026-01-01T00:28:00,34.439,57.551,38.69
HIVE_003,2026-01-01T00:29:00,34.773,56.876,38.791
HIVE_003,2026-01-01T00:30:00,34.319,54.386,38.597
HIVE_003,2026-01-01T00:31:00,34.499,53.083,38.656
HIVE_003,2026-01-01T00:32:00,34.686,56.241,38.689
HIVE_003,2026-01-01T00:33:00,33.936,56.448,38.727
HIVE_003,2026-01-01T00:34:00,34.62,54.344,38.658
HIVE_003,2026-01-01T00:35:00,34.624,53.12,38.657
HIVE_003,2026-01-01T00:36:00,34.506,54.343,38.64
HIVE_003,2026-01-01T00:37:00,35.071,55.378,38.722
HIVE_003,2026-01-01T00:38:00,34.575,54.195,38.541
HIVE_003,2026-01-01T00:39:00,34.677,52.701,38.714
HIVE_003,2026-01-01T00:40:00,34.612,54.468,38.546
HIVE_003,2026-01-01T00:41:00,34.886,53.983,38.608
HIVE_003,2026-01-01T00:42:00,34.981,51.873,38.666
HIVE_003,2026-01-01T00:43:00,34.703,53.746,38.711
HIVE_003,2026-01-01T00:44:00,35.578,53.832,38.856
HIVE_003,2026-01-01T00:45:00,35.11,55.381,38.704
HIVE_003,2026-01-01T00:46:00,34.845,51.249,38.802
HIVE_003,2026-01-01T00:47:00,34.711,49.565,38.808
HIVE_003,2026-01-01T00:48:00,34.262,55.658,38.752
HIVE_003,2026-01-01T00:49:00,34.601,52.633,38.58
HIVE_003,2026-01-01T00:50:00,34.298,52.925,38.658
HIVE_003,2026-01-01T00:51:00,34.974,51.592,38.664
HIVE_003,2026-01-01T00:52:00,34.763,52.252,38.704
HIVE_003,2026-01-01T00:53:00,34.8,52.561,38.801
HIVE_003,2026-01-01T00:54:00,34.385,52.651,38.714
HIVE_003,2026-01-01T00:55:00,34.564,52.406,38.739
HIVE_003,2026-01-01T00:56:00,35.319,52.099,38.797
HIVE_003,2026-01-01T00:57:00,35.214,50.722,38.752
HIVE_003,2026-01-01T00:58:00,34.843,52.715,38.696
HIVE_003,2026-01-01T00:59:00,34.95,54.81,38.708
HIVE_003,2026-01-01T01:00:00,34.76,52.317,38.68
HIVE_003,2026-01-01T01:01:00,34.434,52.816,38.74
HIVE_003,2026-01-01T01:02:00,34.862,52.271,38.618
HIVE_003,2026-01-01T01:03:00,34.772,53.581,38.565
HIVE_003,2026-01-01T01:04:00,34.575,54.39,38.65
HIVE_003,2026-01-01T01:05:00,34.495,52.236,38.724
HIVE_003,2026-01-01T01:06:00,34.628,51.56,38.673
HIVE_003,2026-01-01T01:07:00,34.871,55.338,38.629
HIVE_003,2026-01-01T01:08:00,35.162,51.259,38.597
HIVE_003,2026-01-01T01:09:00,34.917,55.849,38.647
HIVE_003,2026-01-01T01:10:00,34.436,49.972,38.644
HIVE_003,2026-01-01T01:11:00,35.047,53.117,38.741
HIVE_003,2026-01-01T01:12:00,34.718,50.523,38.717
HIVE_003,2026-01-01T01:13:00,34.456,51.475,38.537
HIVE_003,2026-01-01T01:14:00,35.072,51.177,38.776
HIVE_003,2026-01-01T01:15:00,34.583,52.88,38.72
HIVE_003,2026-01-01T01:16:00,34.806,54.182,38.812
HIVE_003,2026-01-01T01:17:00,34.328,54.103,38.744
HIVE_003,2026-01-01T01:18:00,34.734,53.174,38.623
HIVE_003,2026-01-01T01:19:00,34.197,52.731,38.635
HIVE_003,2026-01-01T01:20:00,34.645,49.636,38.586
HIVE_003,2026-01-01T01:21:00,34.444,52.946,38.618
HIVE_003,2026-01-01T01:22:00,34.632,51.945,38.858
HIVE_003,2026-01-01T01:23:00,34.213,56.383,38.88
HIVE_003,2026-01-01T01:24:00,34.282,52.151,38.625
HIVE_003,2026-01-01T01:25:00,34.379,53.638,38.615
HIVE_003,2026-01-01T01:26:00,34.56,50.551,38.592
HIVE_003,2026-01-01T01:27:00,34.419,51.872,38.76
HIVE_003,2026-01-01T01:28:00,34.31,52.018,38.753
HIVE_003,2026-01-01T01:29:00,34.405,53.791,38.513
HIVE_003,2026-01-01T01:30:00,34.183,53.149,38.609
HIVE_003,2026-01-01T01:31:00,34.318,52.744,38.71
HIVE_003,2026-01-01T01:32:00,34.815,51.262,38.62
HIVE_003,2026-01-01T01:33:00,34.472,51.36,38.727
HIVE_003,2026-01-01T01:34:00,34.558,50.556,38.589
HIVE_003,2026-01-01T01:35:00,33.892,51.977,38.805
HIVE_003,2026-01-01T01:36:00,34.801,51.68,38.607
HIVE_003,2026-01-01T01:37:00,34.302,52.409,38.608
HIVE_003,2026-01-01T01:38:00,34.193,50.477,38.74
HIVE_003,2026-01-01T01:39:00,34.028,51.885,38.631
HIVE_003,2026-01-01T01:40:00,34.887,52.859,38.764
HIVE_003,2026-01-01T01:41:00,34.027,52.421,38.569
HIVE_003,2026-01-01T01:42:00,34.32,51.41,38.647
HIVE_003,2026-01-01T01:43:00,34.112,50.91,38.646
HIVE_003,2026-01-01T01:44:00,33.752,50.901,38.58
HIVE_003,2026-01-01T01:45:00,33.844,52.273,38.648
HIVE_003,2026-01-01T01:46:00,34.039,52.418,38.583
HIVE_003,2026-01-01T01:47:00,34.016,52.816,38.643
HIVE_003,2026-01-01T01:48:00,34.247,50.52,38.705
HIVE_003,2026-01-01T01:49:00,33.301,53.172,38.666
HIVE_003,2026-01-01T01:50:00,34.135,53.488,38.497
HIVE_003,2026-01-01T01:51:00,33.87,52.593,38.722
HIVE_003,2026-01-01T01:52:00,33.704,53.912,38.417
HIVE_003,2026-01-01T01:53:00,33.508,53.221,38.76
HIVE_003,2026-01-01T01:54:00,34.202,51.156,38.724
HIVE_003,2026-01-01T01:55:00,33.426,54.226,38.682
HIVE_003,2026-01-01T01:56:00,33.75,52.908,38.687
HIVE_003,2026-01-01T01:57:00,33.853,51.543,38.637
HIVE_003,2026-01-01T01:58:00,33.915,51.322,38.659
HIVE_003,2026-01-01T01:59:00,33.674,52.853,38.631
HIVE_003,2026-01-01T02:00:00,33.943,56.294,38.704
HIVE_003,2026-01-01T02:01:00,33.494,54.005,38.643
HIVE_003,2026-01-01T02:02:00,34.4,52.071,38.614
HIVE_003,2026-01-01T02:03:00,33.674,54.775,38.603
HIVE_003,2026-01-01T02:04:00,34.139,53.204,38.634
HIVE_003,2026-01-01T02:05:00,33.114,53.285,38.651
HIVE_003,2026-01-01T02:06:00,33.782,54.801,38.672
HIVE_003,2026-01-01T02:07:00,33.326,55.012,38.587
HIVE_003,2026-01-01T02:08:00,33.612,53.206,38.758
HIVE_003,2026-01-01T02:09:00,33.545,50.061,38.629
HIVE_003,2026-01-01T02:10:00,33.921,54.745,38.668
HIVE_003,2026-01-01T02:11:00,33.276,54.751,38.432
HIVE_003,2026-01-01T02:12:00,33.048,55.964,38.692
HIVE_003,2026-01-01T02:13:00,33.562,56.239,38.624
HIVE_003,2026-01-01T02:14:00,32.979,57.406,38.519
HIVE_003,2026-01-01T02:15:00,33.694,54.358,38.599
HIVE_003,2026-01-01T02:16:00,32.998,52.977,38.62
HIVE_003,2026-01-01T02:17:00,33.301,56.238,38.732
HIVE_003,2026-01-01T02:18:00,33.043,53.168,38.612
HIVE_003,2026-01-01T02:19:00,33.562,56.394,38.63
HIVE_003,2026-01-01T02:20:00,33.218,56.129,38.662
HIVE_003,2026-01-01T02:21:00,33.547,53.509,38.66
HIVE_003,2026-01-01T02:22:00,33.298,55.616,38.606
HIVE_003,2026-01-01T02:23:00,33.475,54.452,38.587
HIVE_003,2026-01-01T02:24:00,33.12,56.469,38.602
HIVE_003,2026-01-01T02:25:00,33.422,58.405,38.527
HIVE_003,2026-01-01T02:26:00,33.766,55.601,38.666
HIVE_003,2026-01-01T02:27:00,33.603,56.798,38.68
HIVE_003,2026-01-01T02:28:00,33.165,56.118,38.552
HIVE_003,2026-01-01T02:29:00,33.427,55.611,38.632
HIVE_003,2026-01-01T02:30:00,33.269,57.452,38.553
HIVE_003,2026-01-01T02:31:00,32.93,56.678,38.665
HIVE_003,2026-01-01T02:32:00,32.967,59.999,38.574
HIVE_003,2026-01-01T02:33:00,33.67,57.119,38.562
HIVE_003,2026-01-01T02:34:00,32.912,59.165,38.768
HIVE_003,2026-01-01T02:35:00,32.501,57.772,38.684
HIVE_003,2026-01-01T02:36:00,33.448,56.699,38.55
HIVE_003,2026-01-01T02:37:00,34.053,58.365,38.618
HIVE_003,2026-01-01T02:38:00,33.078,55.623,38.579
HIVE_003,2026-01-01T02:39:00,33.092,55.416,38.736
HIVE_003,2026-01-01T02:40:00,33.073,57.961,38.534
HIVE_003,2026-01-01T02:41:00,33.022,55.444,38.599
HIVE_003,2026-01-01T02:42:00,32.38,56.593,38.512
HIVE_003,2026-01-01T02:43:00,33.332,56.708,38.66
HIVE_003,2026-01-01T02:44:00,32.973,55.385,38.659
HIVE_003,2026-01-01T02:45:00,32.856,55.976,38.637
HIVE_003,2026-01-01T02:46:00,33.226,60.417,38.606
HIVE_003,2026-01-01T02:47:00,32.599,62.442,38.747
HIVE_003,2026-01-01T02:48:00,32.852,58.658,38.459
HIVE_003,2026-01-01T02:49:00,33.173,57.907,38.546
HIVE_003,2026-01-01T02:50:00,33.292,57.329,38.719
HIVE_003,2026-01-01T02:51:00,32.947,58.41,38.615
HIVE_003,2026-01-01T02:52:00,33.277,56.756,38.571
HIVE_003,2026-01-01T02:53:00,33.62,63.191,38.706
HIVE_003,2026-01-01T02:54:00,33.071,57.813,38.647
HIVE_003,2026-01-01T02:55:00,32.324,59.093,38.649
HIVE_003,2026-01-01T02:56:00,33.217,61.198,38.541
HIVE_003,2026-01-01T02:57:00,33.193,58.073,38.607
HIVE_003,2026-01-01T02:58:00,32.788,61.27,38.567
HIVE_003,2026-01-01T02:59:00,33.046,59.567,38.663
HIVE_003,2026-01-01T03:00:00,33.56,60.819,38.688
HIVE_003,2026-01-01T03:01:00,33.241,60.755,38.634
HIVE_003,2026-01-01T03:02:00,33.147,61.626,38.676
HIVE_003,2026-01-01T03:03:00,33.692,58.615,38.665
HIVE_003,2026-01-01T03:04:00,33.215,59.077,38.608
HIVE_003,2026-01-01T03:05:00,33.934,62.617,38.757
HIVE_003,2026-01-01T03:06:00,33.026,58.731,38.773
HIVE_003,2026-01-01T03:07:00,34.217,60.682,38.705
HIVE_003,2026-01-01T03:08:00,33.607,62.377,38.713
HIVE_003,2026-01-01T03:09:00,33.316,60.067,38.687
HIVE_003,2026-01-01T03:10:00,33.16,59.732,38.768
HIVE_003,2026-01-01T03:11:00,33.5,61.721,38.761
HIVE_003,2026-01-01T03:12:00,33.009,62.678,38.698
HIVE_003,2026-01-01T03:13:00,34.006,61.467,38.635
HIVE_003,2026-01-01T03:14:00,34.03,63.187,38.69
HIVE_003,2026-01-01T03:15:00,33.764,60.342,38.68
HIVE_003,2026-01-01T03:16:00,33.774,60.172,38.596
HIVE_003,2026-01-01T03:17:00,33.151,60.137,38.597
HIVE_003,2026-01-01T03:18:00,33.141,64.125,38.558
HIVE_003,2026-01-01T03:19:00,33.119,61.507,38.603
HIVE_003,2026-01-01T03:20:00,33.458,61.526,38.695
HIVE_003,2026-01-01T03:21:00,33.719,61.706,38.717
HIVE_003,2026-01-01T03:22:00,33.463,60.438,38.633
HIVE_003,2026-01-01T03:23:00,33.722,61.49,38.706
HIVE_003,2026-01-01T03:24:00,33.294,60.556,38.462
HIVE_003,2026-01-01T03:25:00,32.481,60.737,38.642
HIVE_003,2026-01-01T03:26:00,33.884,63.461,38.649
HIVE_003,2026-01-01T03:27:00,33.747,62.403,38.683
HIVE_003,2026-01-01T03:28:00,34.154,64.697,38.768
HIVE_003,2026-01-01T03:29:00,33.661,60.41,38.68
HIVE_003,2026-01-01T03:30:00,33.198,64.214,38.644
HIVE_003,2026-01-01T03:31:00,33.809,65.325,38.704
HIVE_003,2026-01-01T03:32:00,33.747,64.065,38.631
HIVE_003,2026-01-01T03:33:00,33.793,60.59,38.714
HIVE_003,2026-01-01T03:34:00,33.91,61.153,38.71
HIVE_003,2026-01-01T03:35:00,34.001,63.541,38.534
HIVE_003,2026-01-01T03:36:00,33.475,65.236,38.804
HIVE_003,2026-01-01T03:37:00,34.078,58.875,38.612
HIVE_003,2026-01-01T03:38:00,34.484,64.977,38.683
HIVE_003,2026-01-01T03:39:00,33.685,64.978,38.683
HIVE_003,2026-01-01T03:40:00,33.628,65.642,38.446
HIVE_003,2026-01-01T03:41:00,34.443,63.621,38.626
HIVE_003,2026-01-01T03:42:00,34.221,61.639,38.61
HIVE_003,2026-01-01T03:43:00,34.515,62.933,38.649
HIVE_003,2026-01-01T03:44:00,34.246,64.368,38.693
HIVE_003,2026-01-01T03:45:00,34.234,62.907,38.738
HIVE_003,2026-01-01T03:46:00,33.838,63.349,38.667
HIVE_003,2026-01-01T03:47:00,33.884,63.384,38.843
HIVE_003,2026-01-01T03:48:00,34.709,63.537,38.856
HIVE_003,2026-01-01T03:49:00,34.711,64.524,38.512
HIVE_003,2026-01-01T03:50:00,34.93,63.665,38.799
HIVE_003,2026-01-01T03:51:00,34.751,63.841,38.813
HIVE_003,2026-01-01T03:52:00,34.551,61.626,38.646
HIVE_003,2026-01-01T03:53:00,33.929,62.838,38.658
HIVE_003,2026-01-01T03:54:00,33.984,64.754,38.577
HIVE_003,2026-01-01T03:55:00,33.798,65.435,38.741
HIVE_003,2026-01-01T03:56:00,34.21,67.411,38.554
HIVE_003,2026-01-01T03:57:00,35.004,63.912,38.692
HIVE_003,2026-01-01T03:58:00,34.481,61.565,38.677
HIVE_003,2026-01-01T03:59:00,34.03,63.258,38.623
HIVE_003,2026-01-01T04:00:00,34.833,64.71,38.704
HIVE_003,2026-01-01T04:01:00,34.817,64.278,38.748
HIVE_003,2026-01-01T04:02:00,34.622,62.799,38.596
HIVE_003,2026-01-01T04:03:00,34.278,62.629,38.693
HIVE_003,2026-01-01T04:04:00,34.463,63.567,38.8
HIVE_003,2026-01-01T04:05:00,34.884,63.246,38.696
HIVE_003,2026-01-01T04:06:00,34.779,62.725,38.887
HIVE_003,2026-01-01T04:07:00,34.563,64.654,38.802
HIVE_003,2026-01-01T04:08:00,34.918,65.569,38.786
HIVE_003,2026-01-01T04:09:00,35.275,63.624,38.8
HIVE_003,2026-01-01T04:10:00,34.605,65.383,38.724
HIVE_003,2026-01-01T04:11:00,34.501,62.899,38.725
HIVE_003,2026-01-01T04:12:00,34.555,62.856,38.613
HIVE_003,2026-01-01T04:13:00,34.196,65.58,38.683
HIVE_003,2026-01-01T04:14:00,34.83,64.643,38.677
HIVE_003,2026-01-01T04:15:00,34.631,62.893,38.542
HIVE_003,2026-01-01T04:16:00,35.052,63.672,38.701
HIVE_003,2026-01-01T04:17:00,34.797,61.953,38.767
HIVE_003,2026-01-01T04:18:00,34.951,64.502,38.711
HIVE_003,2026-01-01T04:19:00,34.59,64.052,38.546
HIVE_003,2026-01-01T04:20:00,35.467,67.149,38.739
HIVE_003,2026-01-01T04:21:00,35.074,65.773,38.684
HIVE_003,2026-01-01T04:22:00,34.225,64.441,38.645
HIVE_003,2026-01-01T04:23:00,34.61,61.57,38.74
HIVE_003,2026-01-01T04:24:00,34.857,62.971,38.783
HIVE_003,2026-01-01T04:25:00,35.113,62.164,38.632
HIVE_003,2026-01-01T04:26:00,35.07,63.062,38.714
HIVE_003,2026-01-01T04:27:00,34.997,64.949,38.724
HIVE_003,2026-01-01T04:28:00,34.397,62.042,38.694
HIVE_003,2026-01-01T04:29:00,34.262,64.457,38.575
HIVE_003,2026-01-01T04:30:00,34.657,64.845,38.537
HIVE_003,2026-01-01T04:31:00,34.76,62.922,38.695
HIVE_003,2026-01-01T04:32:00,35.495,60.766,38.629
HIVE_003,2026-01-01T04:33:00,34.804,60.918,38.667
HIVE_003,2026-01-01T04:34:00,33.85,62.131,38.852
HIVE_003,2026-01-01T04:35:00,34.733,64.803,38.782
HIVE_003,2026-01-01T04:36:00,34.496,62.122,38.609
HIVE_003,2026-01-01T04:37:00,34.257,65.111,38.624
HIVE_003,2026-01-01T04:38:00,34.927,62.624,38.66
HIVE_003,2026-01-01T04:39:00,34.894,64.945,38.714
HIVE_003,2026-01-01T04:40:00,34.299,62.319,38.577
HIVE_003,2026-01-01T04:41:00,34.785,62.139,38.628
HIVE_003,2026-01-01T04:42:00,34.312,61.767,38.646
HIVE_003,2026-01-01T04:43:00,35.076,61.146,38.653
HIVE_003,2026-01-01T04:44:00,34.928,60.329,38.568
HIVE_003,2026-01-01T04:45:00,35.082,63.126,38.551
HIVE_003,2026-01-01T04:46:00,35.256,62.825,38.635
HIVE_003,2026-01-01T04:47:00,34.08,62.39,38.665
HIVE_003,2026-01-01T04:48:00,34.392,62.361,38.599
HIVE_003,2026-01-01T04:49:00,34.546,61.478,38.52
HIVE_003,2026-01-01T04:50:00,35.128,63.114,38.636
HIVE_003,2026-01-01T04:51:00,34.517,63.158,38.621
HIVE_003,2026-01-01T04:52:00,34.821,58.967,38.669
HIVE_003,2026-01-01T04:53:00,34.853,61.442,38.585
HIVE_003,2026-01-01T04:54:00,35.138,59.422,38.789
HIVE_003,2026-01-01T04:55:00,34.788,60.931,38.674
HIVE_003,2026-01-01T04:56:00,34.551,58.99,38.723
HIVE_003,2026-01-01T04:57:00,34.825,59.67,38.716
HIVE_003,2026-01-01T04:58:00,34.326,60.103,38.642
HIVE_003,2026-01-01T04:59:00,34.781,58.433,38.585
HIVE_004,2026-01-01T00:00:00,33.895,53.434,39.224
HIVE_004,2026-01-01T00:01:00,33.824,51.931,39.2
HIVE_004,2026-01-01T00:02:00,34.521,56.114,39.251
HIVE_004,2026-01-01T00:03:00,33.722,55.345,39.121
HIVE_004,2026-01-01T00:04:00,33.822,53.802,39.079
HIVE_004,2026-01-01T00:05:00,34.394,53.01,39.222
HIVE_004,2026-01-01T00:06:00,33.848,54.292,39.232
HIVE_004,2026-01-01T00:07:00,34.032,54.374,38.979
HIVE_004,2026-01-01T00:08:00,34.308,52.731,39.13
HIVE_004,2026-01-01T00:09:00,34.265,53.58,39.135
HIVE_004,2026-01-01T00:10:00,34.184,52.708,39.226
HIVE_004,2026-01-01T00:11:00,34.677,52.017,39.301
HIVE_004,2026-01-01T00:12:00,33.812,53.108,39.059
HIVE_004,2026-01-01T00:13:00,34.315,53.687,39.36
HIVE_004,2026-01-01T00:14:00,34.329,51.43,39.281
HIVE_004,2026-01-01T00:15:00,34.347,52.651,39.273
HIVE_004,2026-01-01T00:16:00,34.736,49.858,39.205
HIVE_004,2026-01-01T00:17:00,34.368,50.807,39.071
HIVE_004,2026-01-01T00:18:00,34.37,51.673,39.144
HIVE_004,2026-01-01T00:19:00,34.365,51.802,39.204
HIVE_004,2026-01-01T00:20:00,34.985,52.245,39.354
HIVE_004,2026-01-01T00:21:00,34.887,53.706,39.146
HIVE_004,2026-01-01T00:22:00,34.368,50.842,39.239
HIVE_004,2026-01-01T00:23:00,34.465,52.853,39.23
HIVE_004,2026-01-01T00:24:00,34.565,51.626,39.129
HIVE_004,2026-01-01T00:25:00,34.369,53.21,39.194
HIVE_004,2026-01-01T00:26:00,34.52,53.412,39.247
HIVE_004,2026-01-01T00:27:00,34.042,51.968,39.139
HIVE_004,2026-01-01T00:28:00,34.555,52.655,39.25
HIVE_004,2026-01-01T00:29:00,35.172,51.301,39.186
HIVE_004,2026-01-01T00:30:00,34.806,53.481,39.128
HIVE_004,2026-01-01T00:31:00,34.86,53.024,39.199
HIVE_004,2026-01-01T00:32:00,34.535,53.115,39.246
HIVE_004,2026-01-01T00:33:00,34.788,50.911,39.074
HIVE_004,2026-01-01T00:34:00,34.628,51.596,39.249
HIVE_004,2026-01-01T00:35:00,34.406,52.953,39.246
HIVE_004,2026-01-01T00:36:00,34.426,53.418,39.186
HIVE_004,2026-01-01T00:37:00,34.453,52.379,39.212
HIVE_004,2026-01-01T00:38:00,34.391,52.937,39.213
HIVE_004,2026-01-01T00:39:00,34.453,49.383,39.248
HIVE_004,2026-01-01T00:40:00,34.763,52.202,39.325
HIVE_004,2026-01-01T00:41:00,33.865,53.939,39.324
HIVE_004,2026-01-01T00:42:00,34.403,53.571,39.15
HIVE_004,2026-01-01T00:43:00,34.389,51.913,39.361
HIVE_004,2026-01-01T00:44:00,34.888,52.159,39.286
HIVE_004,2026-01-01T00:45:00,34.55,54.352,39.341
HIVE_004,2026-01-01T00:46:00,34.924,50.946,39.301
HIVE_004,2026-01-01T00:47:00,34.882,53.12,39.306
HIVE_004,2026-01-01T00:48:00,34.937,50.829,39.334
HIVE_004,2026-01-01T00:49:00,34.886,52.7,39.264
HIVE_004,2026-01-01T00:50:00,34.901,53.368,39.231
HIVE_004,2026-01-01T00:51:00,34.733,51.456,39.174
HIVE_004,2026-01-01T00:52:00,34.696,53.803,39.188
HIVE_004,2026-01-01T00:53:00,34.76,52.207,39.257
HIVE_004,2026-01-01T00:54:00,35.027,55.363,39.103
HIVE_004,2026-01-01T00:55:00,34.72,53.305,39.079
HIVE_004,2026-01-01T00:56:00,35.409,52.317,39.15
HIVE_004,2026-01-01T00:57:00,35.138,49.243,39.231
HIVE_004,2026-01-01T00:58:00,34.45,52.569,39.243
HIVE_004,2026-01-01T00:59:00,35.072,53.261,39.38
HIVE_004,2026-01-01T01:00:00,34.813,52.186,39.311
HIVE_004,2026-01-01T01:01:00,34.765,53.384,38.897
HIVE_004,2026-01-01T01:02:00,34.943,52.704,39.177
HIVE_004,2026-01-01T01:03:00,34.549,54.232,39.048
HIVE_004,2026-01-01T01:04:00,35.876,54.672,39.24
HIVE_004,2026-01-01T01:05:00,35.433,53.418,39.138
HIVE_004,2026-01-01T01:06:00,35.12,50.62,39.257
HIVE_004,2026-01-01T01:07:00,35.173,53.946,39.093
HIVE_004,2026-01-01T01:08:00,34.817,53.03,39.149
HIVE_004,2026-01-01T01:09:00,33.927,51.51,39.168
HIVE_004,2026-01-01T01:10:00,35.121,57.493,39.275
HIVE_004,2026-01-01T01:11:00,34.442,52.809,39.293
HIVE_004,2026-01-01T01:12:00,34.922,54.106,39.225
HIVE_004,2026-01-01T01:13:00,35.116,56.954,39.205
HIVE_004,2026-01-01T01:14:00,34.74,54.439,39.167
HIVE_004,2026-01-01T01:15:00,33.905,54.507,39.144
HIVE_004,2026-01-01T01:16:00,35.121,54.126,39.322
HIVE_004,2026-01-01T01:17:00,34.347,55.637,39.071
HIVE_004,2026-01-01T01:18:00,34.961,53.673,39.276
HIVE_004,2026-01-01T01:19:00,34.494,55.144,39.24
HIVE_004,2026-01-01T01:20:00,34.738,54.876,39.333
HIVE_004,2026-01-01T01:21:00,34.392,56.411,39.17
HIVE_004,2026-01-01T01:22:00,34.996,57.911,39.133
HIVE_004,2026-01-01T01:23:00,33.802,54.744,39.141
HIVE_004,2026-01-01T01:24:00,34.356,54.102,39.153
HIVE_004,2026-01-01T01:25:00,35.024,56.384,39.287
HIVE_004,2026-01-01T01:26:00,35.315,53.641,38.994
HIVE_004,2026-01-01T01:27:00,35.196,55.275,39.188
HIVE_004,2026-01-01T01:28:00,33.839,52.975,39.247
HIVE_004,2026-01-01T01:29:00,34.401,51.877,39.115
HIVE_004,2026-01-01T01:30:00,34.799,57.13,39.207
HIVE_004,2026-01-01T01:31:00,35.404,56.859,39.333
HIVE_004,2026-01-01T01:32:00,34.859,56.674,39.08
HIVE_004,2026-01-01T01:33:00,33.812,54.424,39.207
HIVE_004,2026-01-01T01:34:00,34.353,56.208,39.184
HIVE_004,2026-01-01T01:35:00,34.499,57.238,39.185
HIVE_004,2026-01-01T01:36:00,34.21,51.937,39.253
HIVE_004,2026-01-01T01:37:00,34.019,54.617,39.252
HIVE_004,2026-01-01T01:38:00,34.589,57.114,39.258
HIVE_004,2026-01-01T01:39:00,33.863,55.865,39.136
HIVE_004,2026-01-01T01:40:00,34.83,57.619,39.16
HIVE_004,2026-01-01T01:41:00,34.497,57.001,39.169
HIVE_004,2026-01-01T01:42:00,34.344,57.831,39.166
HIVE_004,2026-01-01T01:43:00,33.72,57.204,39.155
HIVE_004,2026-01-01T01:44:00,33.735,55.637,39.156
HIVE_004,2026-01-01T01:45:00,34.122,57.75,39.158
HIVE_004,2026-01-01T01:46:00,34.248,56.465,39.217
HIVE_004,2026-01-01T01:47:00,34.209,57.998,39.288
HIVE_004,2026-01-01T01:48:00,33.946,54.873,39.166
HIVE_004,2026-01-01T01:49:00,34.305,57.419,39.196
HIVE_004,2026-01-01T01:50:00,33.396,56.25,39.213
HIVE_004,2026-01-01T01:51:00,34.248,56.496,39.199
HIVE_004,2026-01-01T01:52:00,33.704,56.012,39.174
HIVE_004,2026-01-01T01:53:00,34.006,58.455,39.226
HIVE_004,2026-01-01T01:54:00,34.495,59.404,39.138
HIVE_004,2026-01-01T01:55:00,34.214,55.9,39.174
HIVE_004,2026-01-01T01:56:00,34.231,59.24,39.232
HIVE_004,2026-01-01T01:57:00,34.509,57.23,39.228
HIVE_004,2026-01-01T01:58:00,33.785,60.132,39.173
HIVE_004,2026-01-01T01:59:00,34.069,60.9,39.214
HIVE_004,2026-01-01T02:00:00,33.7,58.148,39.107
HIVE_004,2026-01-01T02:01:00,34.115,60.787,39.142
HIVE_004,2026-01-01T02:02:00,33.097,57.987,39.196
HIVE_004,2026-01-01T02:03:00,33.377,56.118,39.125
HIVE_004,2026-01-01T02:04:00,32.973,59.661,39.128
HIVE_004,2026-01-01T02:05:00,33.688,61.236,39.087
HIVE_004,2026-01-01T02:06:00,32.894,59.365,39.197
HIVE_004,2026-01-01T02:07:00,33.125,58.971,39.131
HIVE_004,2026-01-01T02:08:00,33.615,58.717,39.371
HIVE_004,2026-01-01T02:09:00,33.494,60.035,39.119
HIVE_004,2026-01-01T02:10:00,32.641,61.941,38.905
HIVE_004,2026-01-01T02:11:00,34.022,58.001,39.048
HIVE_004,2026-01-01T02:12:00,33.491,63.39,39.182
HIVE_004,2026-01-01T02:13:00,33.444,59.056,39.208
HIVE_004,2026-01-01T02:14:00,33.363,61.39,38.999
HIVE_004,2026-01-01T02:15:00,33.66,60.906,39.047
HIVE_004,2026-01-01T02:16:00,33.097,60.317,39.117
HIVE_004,2026-01-01T02:17:00,33.543,58.495,39.085
HIVE_004,2026-01-01T02:18:00,34.165,59.49,39.121
HIVE_004,2026-01-01T02:19:00,33.348,60.442,39.252
HIVE_004,2026-01-01T02:20:00,33.194,62.247,39.087
HIVE_004,2026-01-01T02:21:00,33.65,60.747,39.141
HIVE_004,2026-01-01T02:22:00,33.335,61.996,39.06
HIVE_004,2026-01-01T02:23:00,33.012,64.328,39.196
HIVE_004,2026-01-01T02:24:00,33.213,62.335,39.151
HIVE_004,2026-01-01T02:25:00,32.538,61.713,39.146
HIVE_004,2026-01-01T02:26:00,33.436,60.406,39.138
HIVE_004,2026-01-01T02:27:00,33.702,61.437,39.121
HIVE_004,2026-01-01T02:28:00,33.42,61.167,39.241
HIVE_004,2026-01-01T02:29:00,33.22,62.396,39.1
HIVE_004,2026-01-01T02:30:00,32.835,63.021,39.177
HIVE_004,2026-01-01T02:31:00,33.486,63.137,39.039
HIVE_004,2026-01-01T02:32:00,33.296,59.111,39.199
HIVE_004,2026-01-01T02:33:00,32.866,62.907,39.216
HIVE_004,2026-01-01T02:34:00,33.05,62.256,39.256
HIVE_004,2026-01-01T02:35:00,32.653,63.339,39.168
HIVE_004,2026-01-01T02:36:00,33.558,59.977,39.159
HIVE_004,2026-01-01T02:37:00,33.607,64.573,39.098
HIVE_004,2026-01-01T02:38:00,33.118,65.374,39.046
HIVE_004,2026-01-01T02:39:00,33.195,62.954,39.174
HIVE_004,2026-01-01T02:40:00,32.881,64.209,39.232
HIVE_004,2026-01-01T02:41:00,33.841,61.645,39.123
HIVE_004,2026-01-01T02:42:00,33.587,65.627,39.161
HIVE_004,2026-01-01T02:43:00,32.666,62.648,39.24
HIVE_004,2026-01-01T02:44:00,33.438,64.708,39.317
HIVE_004,2026-01-01T02:45:00,33.049,61.746,39.068
HIVE_004,2026-01-01T02:46:00,33.157,64.693,39.303
HIVE_004,2026-01-01T02:47:00,33.278,63.247,39.155
HIVE_004,2026-01-01T02:48:00,33.632,62.14,39.158
HIVE_004,2026-01-01T02:49:00,33.178,63.298,39.312
HIVE_004,2026-01-01T02:50:00,32.896,67.075,39.115
HIVE_004,2026-01-01T02:51:00,32.925,62.452,39.221
HIVE_004,2026-01-01T02:52:00,33.211,65.175,39.104
HIVE_004,2026-01-01T02:53:00,32.636,62.984,39.193
HIVE_004,2026-01-01T02:54:00,32.712,63.426,39.214
HIVE_004,2026-01-01T02:55:00,32.951,62.392,39.085
HIVE_004,2026-01-01T02:56:00,33.189,64.353,39.393
HIVE_004,2026-01-01T02:57:00,33.655,61.814,39.051
HIVE_004,2026-01-01T02:58:00,33.217,66.101,39.228
HIVE_004,2026-01-01T02:59:00,33.079,65.279,39.286
HIVE_004,2026-01-01T03:00:00,33.785,62.208,39.212
HIVE_004,2026-01-01T03:01:00,32.834,62.628,39.076
HIVE_004,2026-01-01T03:02:00,33.202,61.709,39.241
HIVE_004,2026-01-01T03:03:00,33.3,62.591,39.219
HIVE_004,2026-01-01T03:04:00,33.852,64.427,39.134
HIVE_004,2026-01-01T03:05:00,33.229,63.773,39.126
HIVE_004,2026-01-01T03:06:00,32.741,63.378,39.282
HIVE_004,2026-01-01T03:07:00,33.064,61.066,39.177
HIVE_004,2026-01-01T03:08:00,33.754,61.39,39.2
HIVE_004,2026-01-01T03:09:00,33.526,64.789,39.23
HIVE_004,2026-01-01T03:10:00,33.609,61.615,39.236
HIVE_004,2026-01-01T03:11:00,33.894,63.664,39.217
HIVE_004,2026-01-01T03:12:00,33.072,65.954,39.139
HIVE_004,2026-01-01T03:13:00,34.021,63.43,39.244
HIVE_004,2026-01-01T03:14:00,33.274,66.815,39.033
HIVE_004,2026-01-01T03:15:00,33.607,60.874,39.095
HIVE_004,2026-01-01T03:16:00,34.157,65.349,39.032
HIVE_004,2026-01-01T03:17:00,33.511,63.048,39.239
HIVE_004,2026-01-01T03:18:00,34.179,64.947,39.229
HIVE_004,2026-01-01T03:19:00,33.728,62.314,39.252
HIVE_004,2026-01-01T03:20:00,33.891,63.018,39.145
HIVE_004,2026-01-01T03:21:00,34.096,64.231,39.106
HIVE_004,2026-01-01T03:22:00,33.46,63.21,39.193
HIVE_004,2026-01-01T03:23:00,33.603,63.499,39.333
HIVE_004,2026-01-01T03:24:00,33.94,66.072,39.064
HIVE_004,2026-01-01T03:25:00,33.708,65.582,39.259
HIVE_004,2026-01-01T03:26:00,33.453,62.655,39.279
HIVE_004,2026-01-01T03:27:00,33.637,64.729,39.215
HIVE_004,2026-01-01T03:28:00,33.692,63.902,39.137
HIVE_004,2026-01-01T03:29:00,34.35,64.506,39.316
HIVE_004,2026-01-01T03:30:00,33.591,62.834,39.179
HIVE_004,2026-01-01T03:31:00,33.497,64.62,39.263
HIVE_004,2026-01-01T03:32:00,33.641,63.079,39.237
HIVE_004,2026-01-01T03:33:00,33.58,62.898,39.332
HIVE_004,2026-01-01T03:34:00,33.604,62.688,39.408
HIVE_004,2026-01-01T03:35:00,33.144,61.636,39.352
HIVE_004,2026-01-01T03:36:00,33.767,64.11,39.379
HIVE_004,2026-01-01T03:37:00,33.683,62.418,39.242
HIVE_004,2026-01-01T03:38:00,33.93,62.461,39.2
HIVE_004,2026-01-01T03:39:00,33.514,63.887,39.277
HIVE_004,2026-01-01T03:40:00,33.946,62.792,39.255
HIVE_004,2026-01-01T03:41:00,33.836,62.602,39.206
HIVE_004,2026-01-01T03:42:00,34.563,62.925,39.203
HIVE_004,2026-01-01T03:43:00,34.013,62.356,39.135
HIVE_004,2026-01-01T03:44:00,33.772,64.153,39.167
HIVE_004,2026-01-01T03:45:00,34.148,62.077,39.107
HIVE_004,2026-01-01T03:46:00,33.976,64.813,39.181
HIVE_004,2026-01-01T03:47:00,33.924,62.001,39.187
HIVE_004,2026-01-01T03:48:00,34.263,61.948,39.206
HIVE_004,2026-01-01T03:49:00,34.034,63.023,39.239
HIVE_004,2026-01-01T03:50:00,34.302,63.356,39.207
HIVE_004,2026-01-01T03:51:00,34.674,63.023,39.334
HIVE_004,2026-01-01T03:52:00,34.243,62.648,39.16
HIVE_004,2026-01-01T03:53:00,34.298,63.381,39.186
HIVE_004,2026-01-01T03:54:00,34.836,62.105,39.342
HIVE_004,2026-01-01T03:55:00,33.967,61.563,39.175
HIVE_004,2026-01-01T03:56:00,34.709,62.85,39.209
HIVE_004,2026-01-01T03:57:00,34.216,61.755,39.273
HIVE_004,2026-01-01T03:58:00,34.688,61.612,39.179
HIVE_004,2026-01-01T03:59:00,34.451,61.8,39.235
HIVE_004,2026-01-01T04:00:00,34.276,64.12,39.165
HIVE_004,2026-01-01T04:01:00,34.983,63.502,39.291
HIVE_004,2026-01-01T04:02:00,35.128,62.146,39.189
HIVE_004,2026-01-01T04:03:00,34.307,60.205,39.281
HIVE_004,2026-01-01T04:04:00,33.99,58.976,39.337
HIVE_004,2026-01-01T04:05:00,34.88,61.628,39.288
HIVE_004,2026-01-01T04:06:00,34.814,60.621,39.096
HIVE_004,2026-01-01T04:07:00,35.008,61.465,39.103
HIVE_004,2026-01-01T04:08:00,34.625,59.986,39.203
HIVE_004,2026-01-01T04:09:00,34.476,61.408,39.196
HIVE_004,2026-01-01T04:10:00,34.202,61.482,39.251
HIVE_004,2026-01-01T04:11:00,34.122,60.977,39.282
HIVE_004,2026-01-01T04:12:00,34.582,60.534,39.15
HIVE_004,2026-01-01T04:13:00,34.036,60.923,39.203
HIVE_004,2026-01-01T04:14:00,34.812,59.676,39.189
HIVE_004,2026-01-01T04:15:00,34.731,59.82,39.278
HIVE_004,2026-01-01T04:16:00,34.538,57.634,39.22
HIVE_004,2026-01-01T04:17:00,34.242,55.885,39.12
HIVE_004,2026-01-01T04:18:00,34.555,58.376,39.084
HIVE_004,2026-01-01T04:19:00,34.64,61.279,39.273
HIVE_004,2026-01-01T04:20:00,34.732,60.719,39.171
HIVE_004,2026-01-01T04:21:00,34.429,60.238,39.118
HIVE_004,2026-01-01T04:22:00,34.863,59.064,39.175
HIVE_004,2026-01-01T04:23:00,34.594,60.69,39.076
HIVE_004,2026-01-01T04:24:00,34.856,58.433,39.143
HIVE_004,2026-01-01T04:25:00,34.782,59.22,39.197
HIVE_004,2026-01-01T04:26:00,34.86,60.75,39.153
HIVE_004,2026-01-01T04:27:00,34.926,55.9,39.237
HIVE_004,2026-01-01T04:28:00,34.131,59.335,39.161
HIVE_004,2026-01-01T04:29:00,34.846,56.085,39.2
HIVE_004,2026-01-01T04:30:00,35.081,59.078,39.196
HIVE_004,2026-01-01T04:31:00,34.793,59.747,39.256
HIVE_004,2026-01-01T04:32:00,34.579,57.039,39.141
HIVE_004,2026-01-01T04:33:00,34.786,56.048,39.022
HIVE_004,2026-01-01T04:34:00,34.723,58.048,39.209
HIVE_004,2026-01-01T04:35:00,35.18,55.61,39.152
HIVE_004,2026-01-01T04:36:00,34.295,57.798,39.184
HIVE_004,2026-01-01T04:37:00,34.63,57.372,39.134
HIVE_004,2026-01-01T04:38:00,34.439,59.562,39.255
HIVE_004,2026-01-01T04:39:00,34.73,54.76,39.172
HIVE_004,2026-01-01T04:40:00,34.992,57.209,39.269
HIVE_004,2026-01-01T04:41:00,35.217,56.709,39.15
HIVE_004,2026-01-01T04:42:00,34.611,56.098,39.258
HIVE_004,2026-01-01T04:43:00,34.63,54.08,39.222
HIVE_004,2026-01-01T04:44:00,34.738,55.784,39.027
HIVE_004,2026-01-01T04:45:00,35.176,57.414,39.092
HIVE_004,2026-01-01T04:46:00,34.813,54.629,39.073
HIVE_004,2026-01-01T04:47:00,34.018,57.309,39.251
HIVE_004,2026-01-01T04:48:00,34.636,55.936,39.32
HIVE_004,2026-01-01T04:49:00,34.471,54.136,39.189
HIVE_004,2026-01-01T04:50:00,34.919,55.356,39.064
HIVE_004,2026-01-01T04:51:00,34.448,56.717,39.234
HIVE_004,2026-01-01T04:52:00,34.122,53.746,39.097
HIVE_004,2026-01-01T04:53:00,34.686,58.781,39.152
HIVE_004,2026-01-01T04:54:00,34.705,54.166,39.381
HIVE_004,2026-01-01T04:55:00,34.461,54.487,39.186
HIVE_004,2026-01-01T04:56:00,34.195,56.362,39.172
HIVE_004,2026-01-01T04:57:00,34.351,54.15,39.02
HIVE_004,2026-01-01T04:58:00,34.437,51.528,39.135
HIVE_004,2026-01-01T04:59:00,34.444,53.954,39.123
HIVE_005,2026-01-01T00:00:00,33.537,48.507,39.417
HIVE_005,2026-01-01T00:01:00,33.309,49.973,39.534
HIVE_005,2026-01-01T00:02:00,33.97,52.986,39.483
HIVE_005,2026-01-01T00:03:00,34.389,50.349,39.488
HIVE_005,2026-01-01T00:04:00,33.587,53.635,39.576
HIVE_005,2026-01-01T00:05:00,33.873,54.01,39.422
HIVE_005,2026-01-01T00:06:00,34.058,52.443,39.615
HIVE_005,2026-01-01T00:07:00,34.572,53.314,39.67
HIVE_005,2026-01-01T00:08:00,34.334,53.636,39.543
HIVE_005,2026-01-01T00:09:00,34.873,52.187,39.482
HIVE_005,2026-01-01T00:10:00,34.227,52.315,39.56
HIVE_005,2026-01-01T00:11:00,34.098,54.418,39.45
HIVE_005,2026-01-01T00:12:00,34.65,50.961,39.493
HIVE_005,2026-01-01T00:13:00,34.194,53.452,39.409
HIVE_005,2026-01-01T00:14:00,34.19,55.096,39.62
HIVE_005,2026-01-01T00:15:00,34.178,56.949,39.492
HIVE_005,2026-01-01T00:16:00,34.183,54.83,39.612
HIVE_005,2026-01-01T00:17:00,34.395,51.244,39.456
HIVE_005,2026-01-01T00:18:00,34.845,51.158,39.659
HIVE_005,2026-01-01T00:19:00,34.125,51.779,39.446
HIVE_005,2026-01-01T00:20:00,33.977,52.774,39.588
HIVE_005,2026-01-01T00:21:00,33.56,53.184,39.603
HIVE_005,2026-01-01T00:22:00,34.378,52.639,39.6
HIVE_005,2026-01-01T00:23:00,34.862,52.463,39.616
HIVE_005,2026-01-01T00:24:00,34.333,53.407,39.504
HIVE_005,2026-01-01T00:25:00,34.389,52.623,39.668
HIVE_005,2026-01-01T00:26:00,34.655,54.569,39.547
HIVE_005,2026-01-01T00:27:00,34.659,55.83,39.514
HIVE_005,2026-01-01T00:28:00,34.36,52.547,39.492
HIVE_005,2026-01-01T00:29:00,34.444,54.399,39.492
HIVE_005,2026-01-01T00:30:00,34.647,55.152,39.647
HIVE_005,2026-01-01T00:31:00,34.792,52.698,39.612
HIVE_005,2026-01-01T00:32:00,34.841,54.981,39.579
HIVE_005,2026-01-01T00:33:00,34.953,53.823,39.606
HIVE_005,2026-01-01T00:34:00,34.668,52.752,39.712
HIVE_005,2026-01-01T00:35:00,34.659,54.894,39.562
HIVE_005,2026-01-01T00:36:00,34.5,53.374,39.655
HIVE_005,2026-01-01T00:37:00,34.424,52.155,39.425
HIVE_005,2026-01-01T00:38:00,34.581,53.799,39.731
HIVE_005,2026-01-01T00:39:00,34.293,53.697,39.63
HIVE_005,2026-01-01T00:40:00,34.57,58.444,39.599
HIVE_005,2026-01-01T00:41:00,34.432,55.85,39.483
HIVE_005,2026-01-01T00:42:00,35.466,56.3,39.599
HIVE_005,2026-01-01T00:43:00,35.147,56.396,39.55
HIVE_005,2026-01-01T00:44:00,35.18,55.14,39.595
HIVE_005,2026-01-01T00:45:00,34.774,54.516,39.445
HIVE_005,2026-01-01T00:46:00,35.017,54.686,39.645
HIVE_005,2026-01-01T00:47:00,35.043,54.781,39.357
HIVE_005,2026-01-01T00:48:00,34.864,53.958,39.689
HIVE_005,2026-01-01T00:49:00,34.574,57.154,39.639
HIVE_005,2026-01-01T00:50:00,34.718,56.883,39.7
HIVE_005,2026-01-01T00:51:00,35.003,54.606,39.528
HIVE_005,2026-01-01T00:52:00,34.835,57.704,39.479
HIVE_005,2026-01-01T00:53:00,35.118,56.419,39.571
HIVE_005,2026-01-01T00:54:00,34.599,55.145,39.495
HIVE_005,2026-01-01T00:55:00,34.423,56.982,39.459
HIVE_005,2026-01-01T00:56:00,34.758,56.47,39.599
HIVE_005,2026-01-01T00:57:00,34.726,57.436,39.498
HIVE_005,2026-01-01T00:58:00,35.307,58.583,39.49
HIVE_005,2026-01-01T00:59:00,34.929,56.477,39.487
HIVE_005,2026-01-01T01:00:00,34.606,57.332,39.452
HIVE_005,2026-01-01T01:01:00,35.184,53.969,39.505
HIVE_005,2026-01-01T01:02:00,35.109,59.515,39.684
HIVE_005,2026-01-01T01:03:00,34.459,57.673,39.485
HIVE_005,2026-01-01T01:04:00,35.196,57.386,39.523
HIVE_005,2026-01-01T01:05:00,34.707,60.121,39.564
HIVE_005,2026-01-01T01:06:00,33.935,57.38,39.515
HIVE_005,2026-01-01T01:07:00,35.301,59.472,39.518
HIVE_005,2026-01-01T01:08:00,34.315,59.588,39.512
HIVE_005,2026-01-01T01:09:00,34.72,59.099,39.708
HIVE_005,2026-01-01T01:10:00,34.803,59.591,39.606
HIVE_005,2026-01-01T01:11:00,34.066,60.889,39.408
HIVE_005,2026-01-01T01:12:00,35.096,58.877,39.493
HIVE_005,2026-01-01T01:13:00,34.607,59.677,39.57
HIVE_005,2026-01-01T01:14:00,34.623,57.46,39.534
HIVE_005,2026-01-01T01:15:00,34.833,58.905,39.523
HIVE_005,2026-01-01T01:16:00,34.111,57.211,39.517
HIVE_005,2026-01-01T01:17:00,34.996,58.57,39.507
HIVE_005,2026-01-01T01:18:00,34.243,58.663,39.505
HIVE_005,2026-01-01T01:19:00,34.848,59.622,39.554
HIVE_005,2026-01-01T01:20:00,34.61,60.93,39.544
HIVE_005,2026-01-01T01:21:00,34.215,60.415,39.512
HIVE_005,2026-01-01T01:22:00,34.497,57.037,39.474
HIVE_005,2026-01-01T01:23:00,34.633,59.559,39.642
HIVE_005,2026-01-01T01:24:00,34.755,62.149,39.632
HIVE_005,2026-01-01T01:25:00,33.943,61.618,39.622
HIVE_005,2026-01-01T01:26:00,34.445,63.656,39.572
HIVE_005,2026-01-01T01:27:00,34.552,62.419,39.554
HIVE_005,2026-01-01T01:28:00,34.923,61.139,39.454
HIVE_005,2026-01-01T01:29:00,34.713,62.44,39.485
HIVE_005,2026-01-01T01:30:00,33.201,59.487,39.404
HIVE_005,2026-01-01T01:31:00,34.518,60.359,39.582
HIVE_005,2026-01-01T01:32:00,34.472,58.756,39.515
HIVE_005,2026-01-01T01:33:00,34.751,59.767,39.532
HIVE_005,2026-01-01T01:34:00,33.836,61.342,39.62
HIVE_005,2026-01-01T01:35:00,33.814,60.789,39.503
HIVE_005,2026-01-01T01:36:00,33.932,61.423,39.618
HIVE_005,2026-01-01T01:37:00,35.059,59.545,39.357
HIVE_005,2026-01-01T01:38:00,34.232,60.04,39.497
HIVE_005,2026-01-01T01:39:00,34.437,61.312,39.533
HIVE_005,2026-01-01T01:40:00,34.154,62.266,39.577
HIVE_005,2026-01-01T01:41:00,34.939,60.945,39.598
HIVE_005,2026-01-01T01:42:00,34.077,62.25,39.598
HIVE_005,2026-01-01T01:43:00,34.12,61.684,39.434
HIVE_005,2026-01-01T01:44:00,34.454,59.793,39.518
HIVE_005,2026-01-01T01:45:00,34.55,63.38,39.629
HIVE_005,2026-01-01T01:46:00,33.753,64.09,39.574
HIVE_005,2026-01-01T01:47:00,33.705,60.202,39.646
HIVE_005,2026-01-01T01:48:00,33.72,62.469,39.585
HIVE_005,2026-01-01T01:49:00,33.723,60.659,39.534
HIVE_005,2026-01-01T01:50:00,33.808,62.753,39.537
HIVE_005,2026-01-01T01:51:00,34.097,62.192,39.477
HIVE_005,2026-01-01T01:52:00,34.081,64.216,39.511
HIVE_005,2026-01-01T01:53:00,33.759,63.31,39.663
HIVE_005,2026-01-01T01:54:00,33.833,61.349,39.463
HIVE_005,2026-01-01T01:55:00,33.917,64.605,39.645
HIVE_005,2026-01-01T01:56:00,33.965,63.227,39.474
HIVE_005,2026-01-01T01:57:00,33.748,62.934,39.499
HIVE_005,2026-01-01T01:58:00,33.711,63.06,39.512
HIVE_005,2026-01-01T01:59:00,34.016,65.298,39.486
HIVE_005,2026-01-01T02:00:00,33.711,63.279,39.491
HIVE_005,2026-01-01T02:01:00,33.246,63.311,39.546
HIVE_005,2026-01-01T02:02:00,32.687,64.971,39.545
HIVE_005,2026-01-01T02:03:00,33.55,64.524,39.416
HIVE_005,2026-01-01T02:04:00,33.867,60.914,39.56
HIVE_005,2026-01-01T02:05:00,34.134,63.409,39.638
HIVE_005,2026-01-01T02:06:00,33.434,65.046,39.461
HIVE_005,2026-01-01T02:07:00,33.489,63.166,39.535
HIVE_005,2026-01-01T02:08:00,33.81,66.583,39.425
HIVE_005,2026-01-01T02:09:00,33.576,64.174,39.537
HIVE_005,2026-01-01T02:10:00,33.089,64.12,39.644
HIVE_005,2026-01-01T02:11:00,33.696,63.087,39.507
HIVE_005,2026-01-01T02:12:00,33.345,63.951,39.388
HIVE_005,2026-01-01T02:13:00,33.113,65.954,39.424
HIVE_005,2026-01-01T02:14:00,33.241,62.44,39.49
HIVE_005,2026-01-01T02:15:00,33.551,62.865,39.496
HIVE_005,2026-01-01T02:16:00,33.658,61.44,39.428
HIVE_005,2026-01-01T02:17:00,33.758,63.824,39.371
HIVE_005,2026-01-01T02:18:00,33.373,63.331,39.567
HIVE_005,2026-01-01T02:19:00,33.707,64.309,39.663
HIVE_005,2026-01-01T02:20:00,33.246,66.994,39.462
HIVE_005,2026-01-01T02:21:00,33.503,63.324,39.369
HIVE_005,2026-01-01T02:22:00,33.211,63.646,39.622
HIVE_005,2026-01-01T02:23:00,33.375,63.502,39.441
HIVE_005,2026-01-01T02:24:00,33.207,64.66,39.471
HIVE_005,2026-01-01T02:25:00,33.108,64.958,39.44
HIVE_005,2026-01-01T02:26:00,33.128,64.887,39.45
HIVE_005,2026-01-01T02:27:00,32.771,61.733,39.579
HIVE_005,2026-01-01T02:28:00,32.957,64.125,39.449
HIVE_005,2026-01-01T02:29:00,33.191,63.472,39.576
HIVE_005,2026-01-01T02:30:00,33.114,61.584,39.579
HIVE_005,2026-01-01T02:31:00,32.857,63.895,39.42
HIVE_005,2026-01-01T02:32:00,33.189,63.05,39.526
HIVE_005,2026-01-01T02:33:00,33.591,62.872,39.594
HIVE_005,2026-01-01T02:34:00,33.06,61.627,39.618
HIVE_005,2026-01-01T02:35:00,33.998,64.475,39.51
HIVE_005,2026-01-01T02:36:00,33.714,66.497,39.483
HIVE_005,2026-01-01T02:37:00,33.271,63.864,39.542
HIVE_005,2026-01-01T02:38:00,33.551,64.068,39.62
HIVE_005,2026-01-01T02:39:00,33.164,61.339,39.494
HIVE_005,2026-01-01T02:40:00,32.517,61.563,39.56
HIVE_005,2026-01-01T02:41:00,32.752,62.669,39.532
HIVE_005,2026-01-01T02:42:00,32.854,61.301,39.508
HIVE_005,2026-01-01T02:43:00,33.29,62.047,39.457
HIVE_005,2026-01-01T02:44:00,33.225,64.372,39.572
HIVE_005,2026-01-01T02:45:00,33.258,64.291,39.515
HIVE_005,2026-01-01T02:46:00,33.809,63.308,39.467
HIVE_005,2026-01-01T02:47:00,33.481,61.752,39.466
HIVE_005,2026-01-01T02:48:00,33.192,62.684,39.572
HIVE_005,2026-01-01T02:49:00,33.359,64.789,39.362
HIVE_005,2026-01-01T02:50:00,32.688,66.274,39.5
HIVE_005,2026-01-01T02:51:00,33.683,64.245,39.693
HIVE_005,2026-01-01T02:52:00,32.974,62.47,39.489
HIVE_005,2026-01-01T02:53:00,33.313,64.057,39.55
HIVE_005,2026-01-01T02:54:00,33.823,61.979,39.679
HIVE_005,2026-01-01T02:55:00,33.041,63.549,39.426
HIVE_005,2026-01-01T02:56:00,32.927,59.053,39.397
HIVE_005,2026-01-01T02:57:00,33.015,62.822,39.321
HIVE_005,2026-01-01T02:58:00,32.879,62.992,39.509
HIVE_005,2026-01-01T02:59:00,33.221,62.905,39.547
HIVE_005,2026-01-01T03:00:00,32.523,58.822,39.502
HIVE_005,2026-01-01T03:01:00,33.056,60.822,39.711
HIVE_005,2026-01-01T03:02:00,33.245,62.218,39.559
HIVE_005,2026-01-01T03:03:00,33.074,64.027,39.596
HIVE_005,2026-01-01T03:04:00,33.376,61.529,39.614
HIVE_005,2026-01-01T03:05:00,33.162,60.052,39.667
HIVE_005,2026-01-01T03:06:00,33.239,65.498,39.462
HIVE_005,2026-01-01T03:07:00,32.653,60.794,39.535
HIVE_005,2026-01-01T03:08:00,33.303,58.668,39.55
HIVE_005,2026-01-01T03:09:00,33.609,61.61,39.647
HIVE_005,2026-01-01T03:10:00,33.489,62.101,39.643
HIVE_005,2026-01-01T03:11:00,33.159,60.341,39.444
HIVE_005,2026-01-01T03:12:00,33.467,59.446,39.628
HIVE_005,2026-01-01T03:13:00,33.549,59.943,39.476
HIVE_005,2026-01-01T03:14:00,34.203,60.816,39.604
HIVE_005,2026-01-01T03:15:00,33.179,64.329,39.525
HIVE_005,2026-01-01T03:16:00,33.448,61.946,39.52
HIVE_005,2026-01-01T03:17:00,33.459,61.317,39.457
HIVE_005,2026-01-01T03:18:00,33.131,60.24,39.45
HIVE_005,2026-01-01T03:19:00,33.88,62.451,39.741
HIVE_005,2026-01-01T03:20:00,33.445,58.895,39.543
HIVE_005,2026-01-01T03:21:00,33.538,60.846,39.65
HIVE_005,2026-01-01T03:22:00,33.388,62.091,39.543
HIVE_005,2026-01-01T03:23:00,34.069,60.277,39.64
HIVE_005,2026-01-01T03:24:00,33.395,59.094,39.496
HIVE_005,2026-01-01T03:25:00,33.671,59.473,39.478
HIVE_005,2026-01-01T03:26:00,33.863,58.837,39.57
HIVE_005,2026-01-01T03:27:00,33.879,58.726,39.527
HIVE_005,2026-01-01T03:28:00,33.958,60.269,39.562
HIVE_005,2026-01-01T03:29:00,34.126,58.837,39.585
HIVE_005,2026-01-01T03:30:00,33.969,59.121,39.573
HIVE_005,2026-01-01T03:31:00,33.594,54.283,39.557
HIVE_005,2026-01-01T03:32:00,34.068,57.634,39.531
HIVE_005,2026-01-01T03:33:00,33.24,58.388,39.656
HIVE_005,2026-01-01T03:34:00,33.544,58.24,39.548
HIVE_005,2026-01-01T03:35:00,33.773,59.413,39.475
HIVE_005,2026-01-01T03:36:00,33.649,57.433,39.521
HIVE_005,2026-01-01T03:37:00,34.219,55.278,39.492
HIVE_005,2026-01-01T03:38:00,33.953,58.688,39.677
HIVE_005,2026-01-01T03:39:00,34.465,59.241,39.549
HIVE_005,2026-01-01T03:40:00,33.552,57.152,39.625
HIVE_005,2026-01-01T03:41:00,34.567,56.652,39.657
HIVE_005,2026-01-01T03:42:00,33.478,58.101,39.623
HIVE_005,2026-01-01T03:43:00,33.851,57.306,39.673
HIVE_005,2026-01-01T03:44:00,34.223,58.386,39.589
HIVE_005,2026-01-01T03:45:00,33.819,56.223,39.488
HIVE_005,2026-01-01T03:46:00,34.217,56.96,39.595
HIVE_005,2026-01-01T03:47:00,34.375,56.802,39.625
HIVE_005,2026-01-01T03:48:00,34.128,59.336,39.553
HIVE_005,2026-01-01T03:49:00,34.582,58.0,39.507
HIVE_005,2026-01-01T03:50:00,33.451,54.932,39.522
HIVE_005,2026-01-01T03:51:00,34.364,59.23,39.584
HIVE_005,2026-01-01T03:52:00,33.834,53.686,39.556
HIVE_005,2026-01-01T03:53:00,34.156,56.95,39.598
HIVE_005,2026-01-01T03:54:00,34.975,57.687,39.548
HIVE_005,2026-01-01T03:55:00,34.31,54.333,39.648
HIVE_005,2026-01-01T03:56:00,34.592,56.839,39.631
HIVE_005,2026-01-01T03:57:00,34.798,57.11,39.52
HIVE_005,2026-01-01T03:58:00,34.4,57.253,39.536
HIVE_005,2026-01-01T03:59:00,34.282,56.104,39.549
HIVE_005,2026-01-01T04:00:00,34.075,53.253,39.524
HIVE_005,2026-01-01T04:01:00,34.808,57.538,39.55
HIVE_005,2026-01-01T04:02:00,34.419,57.191,39.687
HIVE_005,2026-01-01T04:03:00,34.387,56.366,39.662
HIVE_005,2026-01-01T04:04:00,34.17,53.798,39.475
HIVE_005,2026-01-01T04:05:00,34.359,54.429,39.511
HIVE_005,2026-01-01T04:06:00,34.293,56.68,39.593
HIVE_005,2026-01-01T04:07:00,34.203,54.27,39.61
HIVE_005,2026-01-01T04:08:00,34.574,54.959,39.625
HIVE_005,2026-01-01T04:09:00,33.968,53.898,39.638
HIVE_005,2026-01-01T04:10:00,35.396,54.913,39.649
HIVE_005,2026-01-01T04:11:00,34.49,56.225,39.567
HIVE_005,2026-01-01T04:12:00,34.567,55.586,39.639
HIVE_005,2026-01-01T04:13:00,34.664,52.805,39.615
HIVE_005,2026-01-01T04:14:00,34.497,54.894,39.554
HIVE_005,2026-01-01T04:15:00,34.328,53.404,39.603
HIVE_005,2026-01-01T04:16:00,34.458,54.678,39.575
HIVE_005,2026-01-01T04:17:00,33.933,54.872,39.445
HIVE_005,2026-01-01T04:18:00,34.584,56.389,39.588
HIVE_005,2026-01-01T04:19:00,34.382,54.464,39.517
HIVE_005,2026-01-01T04:20:00,34.606,55.87,39.509
HIVE_005,2026-01-01T04:21:00,34.55,53.022,39.52
HIVE_005,2026-01-01T04:22:00,34.857,53.691,39.505
HIVE_005,2026-01-01T04:23:00,34.705,54.502,39.592
HIVE_005,2026-01-01T04:24:00,34.639,51.112,39.558
HIVE_005,2026-01-01T04:25:00,34.967,52.023,39.556
HIVE_005,2026-01-01T04:26:00,34.538,55.808,39.641
HIVE_005,2026-01-01T04:27:00,34.775,53.589,39.482
HIVE_005,2026-01-01T04:28:00,35.262,50.099,39.68
HIVE_005,2026-01-01T04:29:00,34.997,54.625,39.588
HIVE_005,2026-01-01T04:30:00,35.031,55.724,39.61
HIVE_005,2026-01-01T04:31:00,34.196,54.814,39.642
HIVE_005,2026-01-01T04:32:00,34.801,55.479,39.424
HIVE_005,2026-01-01T04:33:00,35.0,54.471,39.564
HIVE_005,2026-01-01T04:34:00,34.856,50.975,39.634
HIVE_005,2026-01-01T04:35:00,34.756,52.18,39.481
HIVE_005,2026-01-01T04:36:00,34.581,54.56,39.724
HIVE_005,2026-01-01T04:37:00,35.014,51.475,39.534
HIVE_005,2026-01-01T04:38:00,34.647,51.797,39.662
HIVE_005,2026-01-01T04:39:00,34.341,52.658,39.578
HIVE_005,2026-01-01T04:40:00,34.583,51.478,39.571
HIVE_005,2026-01-01T04:41:00,35.032,54.352,39.634
HIVE_005,2026-01-01T04:42:00,34.886,52.4,39.556
HIVE_005,2026-01-01T04:43:00,34.39,51.145,39.492
HIVE_005,2026-01-01T04:44:00,34.947,52.765,39.628
HIVE_005,2026-01-01T04:45:00,35.031,56.894,39.419
HIVE_005,2026-01-01T04:46:00,34.673,51.854,39.456
HIVE_005,2026-01-01T04:47:00,34.324,52.395,39.492
HIVE_005,2026-01-01T04:48:00,34.852,56.383,39.563
HIVE_005,2026-01-01T04:49:00,34.165,52.69,39.449
HIVE_005,2026-01-01T04:50:00,34.914,54.262,39.502
HIVE_005,2026-01-01T04:51:00,34.863,53.482,39.473
HIVE_005,2026-01-01T04:52:00,34.436,52.552,39.51
HIVE_005,2026-01-01T04:53:00,34.481,52.593,39.594
HIVE_005,2026-01-01T04:54:00,34.653,50.844,39.612
HIVE_005,2026-01-01T04:55:00,33.995,51.494,39.514
HIVE_005,2026-01-01T04:56:00,34.824,53.056,39.517
HIVE_005,2026-01-01T04:57:00,34.979,54.148,39.523
HIVE_005,2026-01-01T04:58:00,34.469,52.666,39.678
HIVE_005,2026-01-01T04:59:00,34.699,52.181,39.462
